Message,Response,Feedback
[],"['你好', '你好！歡迎與我分享你的心情。我這裡是免費情感支援的平臺，希望幫助你抒發心情，度過難關。如果你願意談論你的故事，我會很樂意聆聽並給予你支持。']",非常不滿意
[],"['你好', '輔導師：你好！很高興為你服務。從你輸入的訊息中，我了解到你正經歷一段艱辛的時期。如果你願意的話，我很樂意聽取你的故事，並提供適當的支持和建議。請告訴我，你此刻最想分享或討論什麼？']",不滿意
"[['你好', '輔導師：你好！感謝你的到來，在這艱難的時刻，我將盡我所能，陪伴你走過這段旅程。首先，讓我們從你願意分享的地方開始，我將用心聆聽，並提供適切的支援和建議。願你能感受到溫暖與關懷，讓我們一起面對挑戰，帶來正面的改變。']]","['我叫toby', '輔導師: 你好Toby！很高興認識你。從你開始與我交談，你的語氣中透露出某種憂傷和不安。願我能透過我的專業，幫助你緩解這些負面情緒。如果你願意，可以告訴我一些你目前所面臨的挑戰或讓你感到痛苦的事情，我會耐心地聆聽，並提供你支持和建議。']",非常不滿意
"[['你好，我叫Toby', '你好，Toby。很高興認識你。如果你願意分享，我非常樂意聆聽你目前的心情和原因。記住，這裡永遠是安全的空間，供你自我探索和成長。']]","['我剛剛離婚了', '輔導師: 親愛的Toby，首先向你表達深切的同情和慰問。經歷離婚這樣的重大人生事件，必然會帶來複雜的情緒和感受。在這段期間，你可能需要一些時間來調適和療傷。記得要對自己溫柔些，給予足夠的關心和支持。如果你願意，我很樂意協助你整理當前的情緒和想法，並一同探討如何面對和解決當前的困境。']",非常不滿意
"[['你好，我叫Toby', '你好，Toby。很高興認識你。如果你願意分享，我非常樂意聆聽你目前的心情和原因。記住，這裡永遠是安全的空間，供你自我探索和成長。']]","['我剛剛離婚了', '輔導師：親愛的Toby，首先向你表達深切的同情和慰問。離婚確實是重大的人生事件，會帶來許多複雜的情緒和感受。在這段期間，你肯定會經歷一段艱辛的歷程。要記得對自己溫柔些，給予自己足夠關心和支持，來度過這段艱難的時刻。如果你願意，我很樂意協助你整理當前的情緒和想法，並一同探討如何面對和解決當前的困境。讓我們一起努力，度過這段人生低谷。']",非常不滿意
"[['你好，我叫Toby', '你好，Toby。很高興認識你。如果你願意分享，我非常樂意聆聽你目前的心情和原因。記住，這裡永遠是安全的空間，供你自我探索和成長。']]","['我剛剛離婚了', '輔導師：親愛的Toby，首先向你表達深切的同情和慰問。離婚確實是重大的人生事件，會帶來許多複雜的情緒和感受。在這段期間，你肯定會經歷一段艱辛的歷程。要記住對自己溫柔些，給予自己足夠的關心和支持，來度過這段艱難的時刻。如果你願意，我很樂意協助你整理當前的情緒和想法，並一同探討如何面對和解決當前的困境。讓我們一起努力，度過這段人生低谷。有任何想分享的感受或想法都歡迎，這裡都是一個安全且支持的環境。']",不滿意
"[['你好，我叫Toby', '你好，Toby。很高興認識你。如果你願意分享，我非常樂意聆聽你目前的心情和原因。記住，這裡永遠是安全的空間，供你自我探索和成長。']]","['我剛剛離婚了', '輔導師：親愛的Toby，首先向你表達深切的同情和慰問。離婚確實是重大的人生事件，會帶來許多複雜的情緒和感受。在這段期間，你肯定會經歷一段艱辛的歷程。要記住對自己溫柔些，給予自己足夠的關心和支持，來度過這段艱難的時刻。如果你願意，我很樂意協助你整理當前的情緒和想法，並一同探討如何面對和解決當前的困境。讓我們一起努力，度過這段人生低谷。有任何想分享的感受或想法都歡迎，這裡都是一個安全且支持的環境。']",非常不滿意
[],"['你好', '您好！歡迎來到我的心理諮詢平台。我注意到您目前正經歷一段哀傷的過程，想必這會讓您感到相當困難與挑戰。在這段期間，我將盡我所能，協助您探索自我、面對悲傷，並陪伴您走過這段歷程。請盡情地與我分享您的心情、想法及故事，我會細心聆聽，並提供最適合您的建議和支援。']",非常不滿意
[],"['你好', '輔導師：你好！我了解到你正處於一段哀傷的過程中，想必這對你來說很困難和挑戰。在這段時間裡，我將盡我所能，幫助你探索自我、面對悲傷，並陪伴你度過這段歷程。請盡情與我分享你的心情、想法和故事，我會用心聆聽，並為你提供最合適的建議和支援。\n\n註：由於原文中使用者的情緒被評為哀傷，故我已將之納入回應中。']",非常不滿意
[],"['你好', '輔導師：你好！我了解到你正處於一段哀傷的過程中，想必這對你來說很困難和挑戰。在這段時間裡，我將盡我所能，幫助你探索自我、面對悲傷，並陪伴你度過這段歷程。請盡情與我分享你的心情、想法和故事，我會用心聆聽，並為你提供最合適的建議和支援。\n\n註：由於原文中使用者的情緒被評為哀傷，故我已將之納入回應中。)']",非常不滿意
