A_dialog_0,B_dialog_0,A_dialog_1,A_emotion_0,A_emotion_1
你是個天才！,哎呀，我們不能當銀行家夥伴了！,現在有兩個理由。,開心,中性
嗨。,嗨！,哎呀，你們記不記得我之前提過的那個可愛的客戶呢？我咬了他。,中性,中性
哎呀，你們記不記得我之前提過的那個可愛的客戶呢？我咬了他。,哪裡！！,敏感。,中性,中性
敏感。,而。,不，我知道啦！,中性,驚訝
耶！耶！耶！當我在做些令人興奮的事，又不想被打擾時，就會這樣吶喊。,謝謝喬伊。,不客氣，謝謝你的回應。,開心,中性
嗨艾絲特爾，聽著。,哎呀！哎呀！哎呀！喬伊·崔比恩！你又回來了呢？他們。,你在說什麼？我沒曾離開過你！你一直以來都是我的代理人！,中性,驚訝
哎呀！哎呀！哎呀！喬伊·崔比恩！你又回來了呢？他們。,你在說什麼？我沒曾離開過你！你一直以來都是我的代理人！,真的嗎？！,驚訝,驚訝
你在說什麼？我沒曾離開過你！你一直以來都是我的代理人！,真的嗎？！,嗯！,驚訝,開心
真的嗎？！,嗯！,沒關係，沒事就沒事。,驚訝,中性
啊！好，我先去開門。(Ahem) 有人來找瑪麗安談演化論嗎？,哎呀，其實我覺得瑪莉安的看法太過進步主義。,我看瑪莉安的看法太過進步派。,憤怒,中性
哎呀，其實我覺得瑪莉安的看法太過進步主義。,我看瑪莉安的看法太過進步派。,抱歉，我似乎誤會了你的身分，請問您是哪位？,中性,驚訝
我看瑪莉安的看法太過進步派。,抱歉，我似乎誤會了你的身分，請問您是哪位？,我是這裡羅斯·蓋勒教授的助理，您好。,中性,中性
抱歉，我似乎誤會了你的身分，請問您是哪位？,我是這裡羅斯·蓋勒教授的助理，您好。,羅斯·格勒爾，我怎麼會知道這個名字呢？是啊，你又想考我了，是嗎？等等！你寫的這封信，是我的博士論文的其中一篇參考文獻，你可別想用它來證明什麼！,驚訝,驚訝
我是這裡羅斯·蓋勒教授的助理，您好。,羅斯·格勒爾，我怎麼會知道這個名字呢？是啊，你又想考我了，是嗎？等等！你寫的這封信，是我的博士論文的其中一篇參考文獻，你可別想用它來證明什麼！,是的，就是你借閱了我的書嗎？！,中性,驚訝
羅斯·格勒爾，我怎麼會知道這個名字呢？是啊，你又想考我了，是嗎？等等！你寫的這封信，是我的博士論文的其中一篇參考文獻，你可別想用它來證明什麼！,是的，就是你借閱了我的書嗎？！,你知道，你看起來一點也不像我想像中那樣。你年紀輕輕就。.....你好年輕。,驚訝,驚訝
是的，就是你借閱了我的書嗎？！,你知道，你看起來一點也不像我想像中那樣。你年紀輕輕就。.....你好年輕。,我跳過了四年級。,驚訝,中性
你沒有權利告訴我你曾經對我有感情。,什麼事？,我在發現妳之前，跟朱莉相處得很愉快。,憤怒,憤怒
什麼事？,我在發現妳之前，跟朱莉相處得很愉快。,嗨，在我發現你之前，我的生活可真是過得很棒。你以為我好過嗎？要我看你跟慧玲在一起有多容易？。,驚訝,憤怒
我在發現妳之前，跟朱莉相處得很愉快。,嗨，在我發現你之前，我的生活可真是過得很棒。你以為我好過嗎？要我看你跟慧玲在一起有多容易？。,重點是我。,憤怒,憤怒
哎呀，送新婚夫婦去度蜜月真是太浪漫了。,你知道嗎，莫妮卡跟錢德勒已經結婚了，而羅斯跟瑞秋又要生寶寶了，說不定咱們也該做點什麼了。,一切都恰如其時，我的愛。,開心,中性
你稍後好。,我沒有鑰匙，他們拿走我的給妳的。,他們拿走我的就給了你！,中性,驚訝
我沒有鑰匙，他們拿走我的給妳的。,他們拿走我的就給了你！,他們為什麼要拿走我們的鑰匙？,中性,驚訝
她會把我們逼瘋。,嗨羅素!,嗨室友！,噁心,開心
裸露的場面對於整件事情來說真的很重要。,你說起色情片這件事。,你猜對了，也許我根本不該接那通電話。,中性,中性
你說起色情片這件事。,你猜對了，也許我根本不該接那通電話。,不，別這麼做！許多知名影星都拍過全裸戲碼！我指的，就是有機會擔綱演出一部電影？來吧！,中性,開心
你猜對了，也許我根本不該接那通電話。,不，別這麼做！許多知名影星都拍過全裸戲碼！我指的，就是有機會擔綱演出一部電影？來吧！,沒錯，那也是事實。,中性,中性
嗨，有什麼事嗎？,我們與Monica沒什麼事，只是鬧了個小彆扭。,不過你們倆還是同居中嗎？因為我的廣告今天登了。,中性,中性
我們與Monica沒什麼事，只是鬧了個小彆扭。,不過你們倆還是同居中嗎？因為我的廣告今天登了。,「室友徵求，女室友，不吸菸，不醜陋。」妙哉！,傷心,開心
不過你們倆還是同居中嗎？因為我的廣告今天登了。,「室友徵求，女室友，不吸菸，不醜陋。」妙哉！,嗯。,中性,中性
嗯，沒有人會這樣說話！,哎呀？像你的什麼哥普？。,嗨，我比你們兩個還多當警察呢！,憤怒,憤怒
嗨，我比你們兩個還多當警察呢！,你怎麼想的？,哈囉！我是坐在正座的那位，好嗎？我可是葛瑞的搭檔呢！,憤怒,中性
謝謝你的幫助！",等等，瑞秋！另一隻呢？,原來你是指兩個都想拿呢？那可就難了，我只好說，抱歉，我這裡只有單個選項，只能選一個。,中性,驚訝
等等，瑞秋！另一隻呢？,原來你是指兩個都想拿呢？那可就難了，我只好說，抱歉，我這裡只有單個選項，只能選一個。,綠綺拉·卡珊·葛林，另一隻耳環呢？！,中性,憤怒
原來你是指兩個都想拿呢？那可就難了，我只好說，抱歉，我這裡只有單個選項，只能選一個。,綠綺拉·卡珊·葛林，另一隻耳環呢？！,好啦，好啦，好啦，看我了，我失手了，有點搞不清楚。,驚訝,恐懼
我知道它就在公寓裡，但我。,好啦，我該跟莫妮卡說些什麼呢？她今晚還想穿那雙鞋呢！。,告訴她穿戴自己喜歡的耳環。,中性,憤怒
好啦，我該跟莫妮卡說些什麼呢？她今晚還想穿那雙鞋呢！。,告訴她穿戴自己喜歡的耳環。,這些。,恐懼,中性
告訴她穿戴自己喜歡的耳環。,這些。,哎呀！哎呀！我借你莫妮卡的那副耳環嗎？我根本沒被允許借用她的東西呢！,憤怒,憤怒
這些。,哎呀！哎呀！我借你莫妮卡的那副耳環嗎？我根本沒被允許借用她的東西呢！,為什麼不行呢？,中性,中性
哎呀！哎呀！我借你莫妮卡的那副耳環嗎？我根本沒被允許借用她的東西呢！,為什麼不行呢？,因為我遺失了她的物品！,憤怒,憤怒
發生什麼事了？,又中了！指的是又出現笑話或搞笑的情況。,天呀！怎麼會跟一個明知是逃亡風險的人玩躲貓貓呢？!。,中性,傷心
天呀！怎麼會跟一個明知是逃亡風險的人玩躲貓貓呢？!。,準備好了，我們再試一次。,我已經有孩子了，可以給我留點空間。,傷心,憤怒
快活的小錢達，該是該誕生的時候了，快活的小錢達，快出來吧！快出來吧！,沒問題，他快來了。他快來了！,嗨，他的東西呢？。,開心,驚訝
錢德勒是女孩子了！,天啊，幼稚園回憶湧上心頭。,他們一定看超音波片錯了。,驚訝,驚訝
我們有我們的寶寶們。,嗯。,哦，我們有我們的寶寶了。,驚訝,開心
嗨托比！,嗨鮑比。,嗨，其實我叫鮑勃，你好，你工作到這麼晚，可否告訴我，這裡是陳德雷克大樓嗎？,開心,中性
嗨鮑比。,嗨，其實我叫鮑勃，你好，你工作到這麼晚，可否告訴我，這裡是陳德雷克大樓嗎？,嗯嗯。嗯，沒錯，就在那裡，就在那裡。嗯，可以問我為什麼嗎？,中性,中性
嗨，其實我叫鮑勃，你好，你工作到這麼晚，可否告訴我，這裡是陳德雷克大樓嗎？,嗯嗯。嗯，沒錯，就在那裡，就在那裡。嗯，可以問我為什麼嗎？,我想跟那個混蛋說句話，看看他有什麼問題。,中性,憤怒
嗯嗯。嗯，沒錯，就在那裡，就在那裡。嗯，可以問我為什麼嗎？,我想跟那個混蛋說句話，看看他有什麼問題。,好吧，Bob聽著，是我讓你沒能得到這份工作。,中性,傷心
我想跟那個混蛋說句話，看看他有什麼問題。,好吧，Bob聽著，是我讓你沒能得到這份工作。,託比不。,憤怒,傷心
好吧，Bob聽著，是我讓你沒能得到這份工作。,託比不。,嗨鮑勃！,傷心,傷心
託比不。,嗨鮑勃！,嗨菲比！我可不是要替他擦屁股，你現在說什麼都會讓我更生氣地把事情弄得更糟，跟錢德勒有關係！,傷心,憤怒
謝謝妳。噢喬伊，看吧，這嬰兒床真可愛呢！,我在大街拾到了。,你是認真的嗎──真的嗎！？竟然還這麼完好。,開心,驚訝
我在大街拾到了。,你是認真的嗎──真的嗎！？竟然還這麼完好。,嗯。,開心,中性
你是認真的嗎──真的嗎！？竟然還這麼完好。,嗯。,哇！哇！被被底下到底有什麼東西呢？,驚訝,驚訝
嗯。,哇！哇！被被底下到底有什麼東西呢？,我不知道。,中性,中性
哇！哇！被被底下到底有什麼東西呢？,我不知道。,它在動。,驚訝,恐懼
我不知道。,它在動。,噁心。,中性,噁心
它在動。,噁心。,仍然是──牠有尾巴！快點拉出來！快點拉出來！」。,恐懼,恐懼
噁心。,仍然是──牠有尾巴！快點拉出來！快點拉出來！」。,哎呀！哎呀！好！好！,噁心,恐懼
我們徹夜談了大半夜，發現彼此之所以會如此憤怒，是因為彼此間仍有感情在。所以，我決定要好好面對自己，好好處理這段感情，讓心結解開，不再讓它影響我們的生活。,哦，就說吧，Kyle!,我們再試一次。,傷心,開心
她的哭鬧與時時刻刻討關注的行徑呢？!,我會去努力改善。,記得沒錯，正因你變化多端。,憤怒,憤怒
你知道他尿尿的時候會哼哼唱唱嗎？,我知道。,這句英文句子翻譯成繁體中文的意思是：這件事情讓他想起了碗，但無論如何都無所謂了。,憤怒,噁心
我知道。,這句英文句子翻譯成繁體中文的意思是：這件事情讓他想起了碗，但無論如何都無所謂了。,我們非常抱歉。,中性,傷心
這件事情讓他想起了碗，但無論如何都無所謂了。,我們非常抱歉。,沒問題，我們不用你。其實我已經算放過他了。,噁心,憤怒
抱歉。唉，菲比，妳說的沒錯，她就是那樣。嗯，她總是那麼急著想當英雄，結果卻總是搞得一團糟。,哦，你知道嗎，他一邊做別的事還一邊哼哼唱唱。,是的，我們少了他們反而好一點。,傷心,憤怒
哦，你知道嗎，他一邊做別的事還一邊哼哼唱唱。,是的，我們少了他們反而好一點。,而且你知道，就算他們又分手了，你還是不要讓他進你的悲慘男人俱樂部！。,中性,憤怒
是的，我們少了他們反而好一點。,而且你知道，就算他們又分手了，你還是不要讓他進你的悲慘男人俱樂部！。,失婚男子協會。,憤怒,傷心
這是完全你的錯！,是我的錯？！你恐嚇法官！。,哎呀，你把法院速記員機器裡的紙張都扯掉了呢！,憤怒,憤怒
對一般常人來說，情況糟糕，但對於錢德勒來說，可就慘了！,我知道了！而且他簡直瘋了！我現在也找不到他！,你打算怎麼辦？。,恐懼,中性
我知道了！而且他簡直瘋了！我現在也找不到他！,你打算怎麼辦？。,好吧，我再也不聽你的話了，這可確定了！,恐懼,憤怒
你知道嗎？去簽下去，它可能對你造成什麼傷害呢？,瑞秋說：「她說了！」。,好啦，瑞秋不在啊！,中性,憤怒
我的兒子正要誕生，我本應該在場，你知道，而不是被困在衣櫃裡和你一起。,我所愛的女人今天要生了，我焦急得跟你一樣。,不、不、相信我。,憤怒,憤怒
天天都是女同志日。,太棒了。,你想要我解釋什麼呢？如果沒有特定要我解釋的部份，我無法提供任何解釋。,中性,中性
太棒了。,你想要我解釋什麼呢？如果沒有特定要我解釋的部份，我無法提供任何解釋。,我意思是，由於我在成長的過程中，你知道我的爸爸離開，母親過世，繼父又入獄，我幾乎沒有足夠的父母親留下，能夠拼湊出一個完整的一個。,開心,傷心
嗨，凱莉，你好嗎？,我行得很好呢！老天爺蒂芙妮，你聞起來真好香！,這是我的新香水，歡迎你靠近聞一聞，就在我們能親密接觸的地方。,中性,中性
我行得很好呢！老天爺蒂芙妮，你聞起來真好香！,這是我的新香水，歡迎你靠近聞一聞，就在我們能親密接觸的地方。,哎呀，你知道喬伊，你生病了！,開心,噁心
這是我的新香水，歡迎你靠近聞一聞，就在我們能親密接觸的地方。,哎呀，你知道喬伊，你生病了！,這可惡極了！,中性,噁心
哎呀，你知道喬伊，你生病了！,這可惡極了！,我不想讀這個！,噁心,噁心
丹妮爾！嗨！-大家好，這是丹妮爾。-丹妮爾。-大家好，丹妮爾。,你好。 你好。,你在這兒做什麼呢？,中性,驚訝
她離開你，不是因為另結了新歡的女人，而是因為她喜歡女人。,好一點點，我以為十二樓那間昏迷不醒的男人沒聽見你叫。,那接下來呢？,中性,中性
好一點點，我以為十二樓那間昏迷不醒的男人沒聽見你叫。,那接下來呢？,與卡羅爾的第一次約會經驗是。,憤怒,中性
與卡羅爾的第一次約會經驗是。,什麼事？,我的。,中性,中性
什麼事？,我的。,在場嗎？ 哦，我明白了，我誤會了，其實你問的是Carol在不在場，對吧？,中性,驚訝
在場嗎？ 哦，我明白了，我誤會了，其實你問的是Carol在不在場，對吧？,你這輩子只和一個——咦。,天啊，小子，打起曲棍球來可真是個大錯誤啊！今晚本來可以做很多事呢！,驚訝,驚訝
你好。大家可有什麼事呢？,哦，已經關門了，克里斯交給我把門鎖上的鑰匙，有什麼問題嗎？,我的婚姻，我認為我的婚姻已經到了盡頭。,中性,傷心
哦，已經關門了，克里斯交給我把門鎖上的鑰匙，有什麼問題嗎？,我的婚姻，我認為我的婚姻已經到了盡頭。,哎呀！怎麼了？,傷心,驚訝
我的婚姻，我認為我的婚姻已經到了盡頭。,哎呀！怎麼了？,因為卡羅兒是女同性戀者，而我並不是。而且顯然不是一種混搭組合。,傷心,傷心
哎呀！怎麼了？,因為卡羅兒是女同性戀者，而我並不是。而且顯然不是一種混搭組合。,天呀！我不敢相信！噢，你那可憐的兔子。,驚訝,驚訝
因為卡羅兒是女同性戀者，而我並不是。而且顯然不是一種混搭組合。,天呀！我不敢相信！噢，你那可憐的兔子。,我是個傻瓜。,傷心,噁心
我指的是應該看下去，我指的是卡羅爾和我們倆就出去了，而她會看到一位美麗的女人，而且她會看向她，而我則會想，天啊，我的妻子真酷！。,哎呀！你覺得蘇珊那個人就是她的情人嗎？,好啦，現在我做到了！。,傷心,驚訝
哎呀！你覺得蘇珊那個人就是她的情人嗎？,好啦，現在我做到了！。,我很抱歉。,中性,傷心
好啦，現在我做到了！。,我很抱歉。,七年。,驚訝,傷心
沒問題，那我就先離開了。,你說什麼？我沒說什麼。,嗯，但這不是相信一個人的臉孔。,憤怒,憤怒
茱莉。,什麼事啊？！,好啦！你好！,中性,驚訝
什麼事啊？！,好啦！你好！,你和朱莉在一起嗎？,驚訝,中性
好啦！你好！,你和朱莉在一起嗎？,看，當初開始是我只是想跟她好，因為她是我兄弟的女友。,驚訝,中性
然後，一件事引出了另一件事，不知不覺間，我們竟已經來到了......購物了。,哎呀！哎呀！,親愛的，等等我。我們才做一次而已，對我而言，並沒有什麼意義。,中性,傷心
哎呀！哎呀！,親愛的，等等我。我們才做一次而已，對我而言，並沒有什麼意義。,嗯，沒錯。,驚訝,憤怒
親愛的，等等我。我們才做一次而已，對我而言，並沒有什麼意義。,嗯，沒錯。,真的，瑞秋，我整整都在想著你。,傷心,傷心
我絕沒有想讓你發現這件事！。,哎呀，請你別這樣說，你不是故意的。,那句話並不正確。,傷心,憤怒
哎呀，請你別這樣說，你不是故意的。,那句話並不正確。,原來你只是巧合間把這句英文片語留在這裡呢。,憤怒,憤怒
那句話並不正確。,原來你只是巧合間把這句英文片語留在這裡呢。,你曾想過我可能就是那麼笨嗎？。,憤怒,憤怒
原來你只是巧合間把這句英文片語留在這裡呢。,你曾想過我可能就是那麼笨嗎？。,沒問題，Rick。我只是想知道，你覺得她跟她一起去，有沒有比自己一個人去更值得？,憤怒,傷心
你曾想過我可能就是那麼笨嗎？。,沒問題，Rick。我只是想知道，你覺得她跟她一起去，有沒有比自己一個人去更值得？,嗯！,憤怒,驚訝
嗯！,我無法說。,為什麼呢？！,驚訝,驚訝
好的，我知道了，詹姆斯·布洛林是妳寶寶的爹。,詹姆斯·布洛林(James Brolin)是芭芭拉·史翠珊(Barbara Streisand)的丈夫。,什麼事啊？！我可沒這樣對妳說過啊！,中性,驚訝
哎呀，這人生呀！哎呀，可不，錢德勒的可就更糟了。,哎呀，記得那些東西一定很酷吧！我可沒過什麼前世今生的記憶呢。,當然不會甜心，你剛剛才剛起步。,傷心,中性
我們達成協議了！耶，妳答應了！溫蒂！溫蒂！溫蒂！。,請問誰？,我把錢包交給了溫蒂，她有她的方式，不需要我多說什麼。,憤怒,傷心
再過3秒反應爐就要爆炸了，我們根本逃不掉！,你必須趕緊逃離這裡！救命！,不行！我不會離開你！,恐懼,恐懼
你必須趕緊逃離這裡！救命！,不行！我不會離開你！,別擔心我，我是機器人！我是個機器而已！。,恐懼,傷心
不行！我不會離開你！,別擔心我，我是機器人！我是個機器而已！。,你可不是！不是有我這種人！。,恐懼,憤怒
別擔心我，我是機器人！我是個機器而已！。,你可不是！不是有我這種人！。,天哪。,傷心,驚訝
你可不是！不是有我這種人！。,天哪。,什麼事？,憤怒,中性
天哪。,什麼事？,我是。,驚訝,中性
什麼事？,我是。,好啊，你真棒！好吧，我們從這裡開始吧。,中性,開心
我是。,好啊，你真棒！好吧，我們從這裡開始吧。,當然不是，我當時在演技上真是使盡渾身解數。,中性,開心
好啊，你真棒！好吧，我們從這裡開始吧。,當然不是，我當時在演技上真是使盡渾身解數。,嗯，我也以為自己還行。,開心,開心
當然不是，我當時在演技上真是使盡渾身解數。,嗯，我也以為自己還行。,嗯，你很棒。嗯，你只是沒有我好。,開心,中性
嗯，我也以為自己還行。,嗯，你很棒。嗯，你只是沒有我好。,我知道了，我認為現在已經足夠了。嗯，我不想太過分排練。,開心,中性
我不敢相信羅斯已經走了，這真是太令人傷心了。,我不知道你跟羅斯這麼要好。,我們雖不是同一班同學，但有過一堂課共同上課過。他是個很棒的人，對科學話題會侃侃而談，滔滔不絕，令我印象深刻，一直記得他。,傷心,傷心
我不知道你跟羅斯這麼要好。,我們雖不是同一班同學，但有過一堂課共同上課過。他是個很棒的人，對科學話題會侃侃而談，滔滔不絕，令我印象深刻，一直記得他。,肯定會令他很感動。,驚訝,中性
我意思是，你現在在這裡，這比房間坐滿人還讓我更有感覺！。,你這個有病的變態，誰會去做那種事？我怎麼可能曾經對你傾心呢！。,你聽見了嗎？柯瑞·魏斯頓曾經對我一見鍾情過！,開心,開心
沒問題，我已理解。請提供你要我翻譯的英文句子，我將為您將它翻譯成繁體中文。,所以，遲了八天吧？,嗯。,中性,中性
所以，遲了八天吧？,嗯。,你一定挺不舒服的。,驚訝,中性
嗯。,你一定挺不舒服的。,嗯，差一點點而已。,中性,中性
你一定挺不舒服的。,嗯，差一點點而已。,你已百分之八十毀滅完畢，所以你正在前進。,中性,中性
如果你感到焦躁不安，有幾種方法可以試著緩解。,做吧！,其實這些都是可以做到的。只是些居家偏方，而我的經驗是其中一些還算蠻有效的。,中性,中性
我覺得很笨。,沒關係，不用照做，不用因為蘇珊做就一定要跟著做。,親愛的寶寶，你好，親愛的。,傷心,開心
我真的這麼認為。,好，我替你拿外套，然後我把你載到計程車上。,好，沒問題，我陪你一起去。,中性,傷心
好，我替你拿外套，然後我把你載到計程車上。,好，沒問題，我陪你一起去。,當然可以，我只是打個電話就行了。,中性,驚訝
謝謝。哎呀！老天爺！,什麼？！我怎麼，怎麼了？,我很抱歉，我實在無法這樣子去醫院。,驚訝,噁心
看吧，他贏了！是彼特贏了！,真的嗎？！,不行！,驚訝,恐懼
我們應該告訴瑞秋，她的隔壁房間正好空著嗎？,我們可以在裡面做愛。,好吧，讓我想想，同時我脫掉我的褲子吧！。,中性,開心
我想我簡直是渾蛋。,嗨，我陪在你身邊。他還問我，是不是認為你會跟他出去。,哎呀！我好像要吐了，你剛說些什麼？。,驚訝,噁心
嗨，我陪在你身邊。他還問我，是不是認為你會跟他出去。,哎呀！我好像要吐了，你剛說些什麼？。,我不同意。,中性,中性
哎呀！我好像要吐了，你剛說些什麼？。,我不同意。,什麼事啊？！,噁心,驚訝
你叫他們等一等！,沒問題，我已準備好協助您將英文句子翻譯成繁體中文。請提供欲翻譯的英文句子，我將立即為您服務。,艾蜜莉。,憤怒,中性
哎呀哎呀！哎呀！不！不！艾米莉！。,我知道了，你指的是那個不願意幫付修繕費的雜工之人。,沒關係。,憤怒,憤怒
我知道了，你指的是那個不願意幫付修繕費的雜工之人。,沒關係。,不，其實我以為大家反應的不公平，我意思是，人家才剛搬進來沒多久。,傷心,中性
嗯？,哎呀！我的號碼就在那兒，請打給我一聲。,我會打電話給你。,中性,中性
哎呀！我的號碼就在那兒，請打給我一聲。,我會打電話給你。,稍後我見。,開心,中性
謝謝你的幫忙，不用客氣。,當然，瑞秋從不在公共廁所裡大小便。,好吧，他們那裡從來不留紙張的。所以我的規則就是「沒紙巾，免強」。 好啦，既然大家都要來了。,中性,中性
我思考過這件事，我認為最好的辦法就是不要。,喬伊，你不能一直把這件事藏在心裡，既然知道了，就應該讓他知道。,這句英文話的意思是：「他一定會死。」其中「it」指的是「他」，「will」是未來式助動詞，「kill」是動詞，「him」是主詞。整句話的意思是：他一定會死亡。,中性,恐懼
嗨，你在這兒做什麼呢？,我們之前分手時，你拿到那捲錄有我們最後一集節目一半內容的錄影帶嗎？,哎呀，可是現在是蘇珊和我在墨西哥，還有人質要回來了。,中性,中性
我們之前分手時，你拿到那捲錄有我們最後一集節目一半內容的錄影帶嗎？,哎呀，可是現在是蘇珊和我在墨西哥，還有人質要回來了。,問什麼？,中性,中性
哎呀，可是現在是蘇珊和我在墨西哥，還有人質要回來了。,問什麼？,他正在睡覺。,中性,中性
問什麼？,他正在睡覺。,哎呀。 噢，這是個哎呀，是時間不好嗎？,中性,驚訝
他正在睡覺。,哎呀。 噢，這是個哎呀，是時間不好嗎？,嗯，其實蘇珊現在就要回來了，再過不久。這其實是我們的紀念日。,中性,開心
哎呀。 噢，這是個哎呀，是時間不好嗎？,嗯，其實蘇珊現在就要回來了，再過不久。這其實是我們的紀念日。,哎呀！我以為你們是在元月時結婚的呢。,驚訝,驚訝
嗯，其實蘇珊現在就要回來了，再過不久。這其實是我們的紀念日。,哎呀！我以為你們是在元月時結婚的呢。,這不是那種週年紀念日。,開心,中性
我們哪裡找得到那麼小的帽子呢？,哎呀，哎呀，我拿「雨天熊」啦！。,因為他會知道該怎麼做？？？？奧姆神啊，你真是個天才呢！。,中性,開心
哎呀，哎呀，我拿「雨天熊」啦！。,因為他會知道該怎麼做？？？？奧姆神啊，你真是個天才呢！。,天啊，天啊，竟然是這樣播了。,開心,恐懼
因為他會知道該怎麼做？？？？奧姆神啊，你真是個天才呢！。,天啊，天啊，竟然是這樣播了。,給我。,開心,中性
不好意思，這可不是我的錯。,怎麼了，怎麼會變成我的錯呢？。,看，在妳出現之前，卡羅從未把我從房間外趕走。,憤怒,憤怒
怎麼了，怎麼會變成我的錯呢？。,看，在妳出現之前，卡羅從未把我從房間外趕走。,是的，的確有很多事在小兒到來之前，媽媽從來沒做過。,驚訝,憤怒
所以，就停止一切咆哮，最好停止吧！,是的，蘇珊。,拜託你下次別再讓我處於這種情況，我不喜歡自己的聲音像這樣。,憤怒,憤怒
哦，原來沒提過？卡爾是我請來當我做醫學研究計畫的孿生兄弟的。,你知道有時候好點子明明就在眼前等著被發現嗎？,好吧，我知道聽起來很荒謬，但我覺得或許可行。你知道的，唯一的問題是卡爾的演技。,中性,中性
沒錯，他是我沒能像他那樣成功的原因。,嗨，我可以拿一點那個蛋糕嗎？。,我們愛吃比薩，快滾吧！,中性,憤怒
嗨莫妮卡，有位客人想為廚師加菜，我該讓他進來嗎？,我很喜歡這個部分！,進來吧。,中性,中性
真的？當下我也好想親你一口。,當下的這一刻，是耶。,不過僅限於那一刻，那你也想再親一次嗎？。,開心,開心
當下的這一刻，是耶。,不過僅限於那一刻，那你也想再親一次嗎？。,當然可以，跨年只剩兩個禮拜了，那也是挺令人期待的。,中性,中性
我也不。,3個蘋果和2個香蕉。,喬伊，我們親吻的時候不用每次都數下來。,中性,開心
3個蘋果和2個香蕉。,喬伊，我們親吻的時候不用每次都數下來。,嗯，嗯，好吧，除了我覺得我需要幾秒鐘時間準備一下，其餘都沒問題。,中性,開心
嗨喬伊，你若無堅不摧，會怎麼做呢？,大概會自殺了！,對不起？,中性,驚訝
大概會自殺了！,對不起？,嗨，小喬伊死了，那我就沒活下去的理由啦！,傷心,傷心
嗨，小喬伊死了，那我就沒活下去的理由啦！,喬伊，嗯？,你。,傷心,中性
你。,喬伊登臺了！,當然可以，我願意等到劇終。,中性,傷心
你好，Vic在哪兒？,航班在半小時後起飛，我得走了。,維奇！維奇！,中性,憤怒
維奇！維奇！,馬上就行！,這是什麼?維多利亞?,憤怒,傷心
馬上就行！,這是什麼?維多利亞?,嗯，大概是這樣。,憤怒,傷心
哪吒之怒！哪吒怒吼，海水翻騰，東海龍王怒吼，波濤洶湧，天上雲霞翻飛，人間兒女情長，千古傳唱，那吒之怒，亙古絕唱，非凡之戀，亙古長存。,看，我認為艾爾頓·強為那個在所述那個人所寫的那一首歌是〈Your Song〉。,那是〈Baby Shark〉。,中性,中性
看，我認為艾爾頓·強為那個在所述那個人所寫的那一首歌是〈Your Song〉。,那是〈Baby Shark〉。,嗨莫妮卡！,中性,開心
好吧，今晚一起去看戲吧。,我知道了，我不確定自己看那場性愛有多舒服。,嗯，我知道了。,中性,中性
我知道了，我不確定自己看那場性愛有多舒服。,嗯，我知道了。,哎呀不妙，我到了。,噁心,中性
嗨！,嗨女孩兒！想吃鬆餅嗎？,你做了鬆餅嗎？,驚訝,驚訝
嗨女孩兒！想吃鬆餅嗎？,你做了鬆餅嗎？,沒我錯！快拿一個盤子來。,開心,開心
不行，請停留在那裡。 正接近。,沒問題，我們還有穀物、鬆餅、鬆餅等早餐食品。,我們也在週六晚上看球賽，如果有人想來一起看也可以。,中性,中性
天哪！這個英文句子應該是「Oh my God」，意思是「的天啊」或「上帝啊」，用來表達驚訝、驚奇或急迫的情緒。,嗨！繼續為大家最愛的餐點排行榜大公開。今晚，第3名，起司馬鈴薯片與熱狗切塊配上馬鈴薯片。,你看夠了沒？夠了！現在就停下來吧。,驚訝,憤怒
嗨！繼續為大家最愛的餐點排行榜大公開。今晚，第3名，起司馬鈴薯片與熱狗切塊配上馬鈴薯片。,你看夠了沒？夠了！現在就停下來吧。,好啊，我把那捲錄音帶帶過來。今晚想聽些輕柔的音樂，心情好想放鬆一下呢。,中性,開心
你看夠了沒？夠了！現在就停下來吧。,好啊，我把那捲錄音帶帶過來。今晚想聽些輕柔的音樂，心情好想放鬆一下呢。,哎呀，混音帶。,憤怒,中性
好啊，我把那捲錄音帶帶過來。今晚想聽些輕柔的音樂，心情好想放鬆一下呢。,哎呀，混音帶。,你今晚的樣子,開心,開心
嗨！,嗨！,嘿，猜我今晚在做什麼呢。,開心,中性
嗨！,嘿，猜我今晚在做什麼呢。,什麼事？,開心,中性
嘿，猜我今晚在做什麼呢。,什麼事？,我與彼得正在查核那家餐廳。,中性,中性
什麼事？,我與彼得正在查核那家餐廳。,哎呀，莫妮卡，我好替妳開心。,中性,開心
哎呀。哇！。哎呀。小子，有人在做功課了。,耶。哦，而且我知道蓋爾·羅斯坦(Gail Rosten)的名字出現了兩次，但她就是這麼個個子小不點。,哦，我知道了。嗯，只是談論起來就讓我有點。,驚訝,中性
耶。哦，而且我知道蓋爾·羅斯坦(Gail Rosten)的名字出現了兩次，但她就是這麼個個子小不點。,哦，我知道了。嗯，只是談論起來就讓我有點。,哦，我也是。,中性,中性
哦，我知道了。嗯，只是談論起來就讓我有點。,哦，我也是。,然後，我們辦完典禮就應該坐上敞篷車，帶著你去參加酒會了！。,中性,開心
然後，我們辦完典禮就應該坐上敞篷車，帶著你去參加酒會了！。,羅斯，那在當時根本行不通。,不過，鴿子替你把戒指套在指頭上可不是問題嗎？。,開心,憤怒
羅斯，那在當時根本行不通。,不過，鴿子替你把戒指套在指頭上可不是問題嗎？。,今晚跟妳結婚真是太好玩了。,中性,開心
不過，鴿子替你把戒指套在指頭上可不是問題嗎？。,今晚跟妳結婚真是太好玩了。,當然有！而且，那可是我歷來最輕鬆賺過的400塊錢了。,憤怒,開心
今晚跟妳結婚真是太好玩了。,當然有！而且，那可是我歷來最輕鬆賺過的400塊錢了。,沒問題，莎拉。妳想問什麼呢?,開心,傷心
當然有！而且，那可是我歷來最輕鬆賺過的400塊錢了。,沒問題，莎拉。妳想問什麼呢?,嗯。,開心,中性
沒問題，莎拉。妳想問什麼呢?,嗯。,那項提案，是在行星館發生的。,傷心,中性
嗯。,那項提案，是在行星館發生的。,我知道，我知道那是件蠢事。,中性,傷心
那項提案，是在行星館發生的。,我知道，我知道那是件蠢事。,你是在開玩笑的吧？！,中性,驚訝
我以為我會這樣想像，要你當我的妻子。,那可真是很難拒絕呢。,還好我沒做，因為聽起來那會是場很昂貴的婚禮。好吧，晚安。,中性,中性
那可真是很難拒絕呢。,還好我沒做，因為聽起來那會是場很昂貴的婚禮。好吧，晚安。,晚安。,中性,中性
還好我沒做，因為聽起來那會是場很昂貴的婚禮。好吧，晚安。,晚安。,即使附載有擋風玻璃的側車廂，你的頭髮也不會因此不會凌亂。,中性,中性
晚安。,即使附載有擋風玻璃的側車廂，你的頭髮也不會因此不會凌亂。,我會考慮的。,中性,中性
那我就很高興。....。並沒有問題。,沒問題，其實我是面試委員之一，所以至少會有一位親切的面孔為你迎接。,哎呀！太好了！,開心,開心
沒問題，其實我是面試委員之一，所以至少會有一位親切的面孔為你迎接。,哎呀！太好了！,你知不知道，初選小姐是我的起點。唉，我得跟那群人睡過。,中性,中性
哎呀！太好了！,你知不知道，初選小姐是我的起點。唉，我得跟那群人睡過。,真的嗎？！,開心,驚訝
你知不知道，初選小姐是我的起點。唉，我得跟那群人睡過。,真的嗎？！,不曉得你是在說什麼，但既然你這麼說，我只好用中文回你一句：「耶，哈哈哈！」。,中性,開心
雖然我可能需要一些說服力。,好吧，我，有點不知道該說什麼。,開玩笑！今天我心情好瘋啊！,中性,開心
天哪！錢德勒剛剛走了！,嗯，但或許並不是我們想的那樣，也許是告訴米高，我對不起我把牛奶喝完了。,也許他是為了告訴她，他已經改名了，你知道的，Monica。,驚訝,中性
也許他是為了告訴她，他已經改名了，你知道的，Monica。,我想他發瘋了，就這麼走了！,別這麼消極！天公地道！難道不是有可能，Sorry正坐在那邊呢？!,中性,憤怒
嗨！,嗨！你好！,你們知道誰很會說笑話呢？,開心,中性
嗯，很奇妙。不過，事情是需要找個約會對象的。,好吧，你找的是什麼樣的男生呢？,嗨！,驚訝,開心
哦，我和瑞秋約好要剪髮。,我們好像沒說過要這麼做。,我想先看他要什麼。,中性,中性
剛剛得知伊莉莎白老爸想見我。,等等，等等！妳不是伊莉莎白的老爸嗎？!,各位，我實在很想讓那個男生喜歡我。,傷心,恐懼
如果-如果各位能陪在我身旁，讓我好看一點，那真是太好了。,當然會幫忙的啦！耶！我們挺你！,謝謝！,傷心,開心
哎呀，所以你又忘記了，我早就說過我是來自臺灣的了，你怎麼會忘記呢？,科羅拉多州。,哎呀，你這個有什麼用。,中性,中性
抓緊他！把他抓下來！把他抓下來！抓到他了！抓到他了！不是在開玩笑的，你知不知道，現在是認真的！,看朋友，這就是你需要的，一大堆沒牙的傢伙，互相用木棒敲打。,傳球！傳球！,憤怒,開心
看朋友，這就是你需要的，一大堆沒牙的傢伙，互相用木棒敲打。,傳球！傳球！,他敞開大門了！,中性,開心
他敞開大門了！,射吧！射吧！射吧！,嘿，看我們上了那個電視節目吧！,開心,驚訝
我超開心自己把這張椅子留了下來！,是啊，我也是。,耶？哇！你知道這車座椅背後藏有揚聲器吧？。,開心,驚訝
是啊，我也是。,耶？哇！你知道這車座椅背後藏有揚聲器吧？。,真的嗎？,中性,驚訝
耶？哇！你知道這車座椅背後藏有揚聲器吧？。,真的嗎？,可以。,驚訝,開心
真的嗎？,可以。,我的椅子會自動修理自己。,驚訝,中性
我的椅子會自動修理自己。,老虎！龍！冰山！喬瑟夫，你昨晚到底有沒有做任何功課？,是的，我做到了。,中性,傷心
我沒碰過吉他！,否，但你質疑我的方法！,我不是在質疑，而是認為這是蠢話！什麼事啊！?。,驚訝,憤怒
你知道別班的學生從來沒認為我笨。,原來你是我的那個學生啊！,嗯，好吧，也許你需要多付出一點努力呢！,憤怒,憤怒
原來你是我的那個學生啊！,嗯，好吧，也許你需要多付出一點努力呢！,看吧，也許我需要找個真正的老師試試看！。,憤怒,憤怒
哎呀，真可恥，喬伊你應該知道的，喬伊要工作啊。 快點過來吧！。,嗨！,不行！阿阿阿阿阿！要等五頁做好了才能拿回來！阿！！,憤怒,憤怒
不行！阿阿阿阿阿！要等五頁做好了才能拿回來！阿！！,嗨！,你好。,憤怒,中性
嗨！,你好。,嗨。嗯，我想我們確實有必要談一談。,開心,開心
你好。,嗨。嗯，我想我們確實有必要談一談。,我想我們應該可以。我們進去看看吧，我知道你們為什麼來的。,中性,傷心
嗨。嗯，我想我們確實有必要談一談。,我想我們應該可以。我們進去看看吧，我知道你們為什麼來的。,你也這麼認為嗎？,開心,驚訝
我想我們應該可以。我們進去看看吧，我知道你們為什麼來的。,你也這麼認為嗎？,嗯，而且為了免得你遇到任何尷尬，我以為我先開口比較好。,傷心,中性
好吧，羅斯和瑞秋。瑞秋和羅斯。這可是可把人盪到天邊了，不是嗎？,什麼事？,我意思是，那天晚上我們玩得很開心，而且還蠻火熱的，不過我覺得還是算了吧，我們還是當朋友就好。,中性,傷心
什麼事？,我意思是，那天晚上我們玩得很開心，而且還蠻火熱的，不過我覺得還是算了吧，我們還是當朋友就好。,認真說起來，什麼鬼？！,驚訝,驚訝
其實我現在就有點時間。,好吧，我知道了，我可以說話了。,當然可以。,中性,中性
好吧，我知道了，我可以說話了。,當然可以。,我懷孕了。羅斯？羅斯？好啦，你準備好就行了。而且別忘了，我是你的孩子爸。,開心,憤怒
好，我知道了，你現在是在說什麼呢？是在說性交的時候，在床上跟女性在一起嗎？那不是我能參與或討論的話題。請你尊重我的界限，我不想再繼續這種對話了。,哼哼。,哦，你跟她開玩笑呢。,開心,開心
而你腦中會浮現出這些如心像般的意象，你知道，像艾爾·麥克琳（Elle MacPherson），或是那家影印公司那位女孩子。,穿洞耳環呢？哦，我的天啊！,我知道，然後突然間媽媽就出現在我腦海裡了。,開心,憤怒
我知道。.。你所不知道的是。,你的媽媽，你老是跟我說起你的媽媽，說說看你的媽媽有什麼問題吧。,你好，請問有什麼可以幫助你的嗎？,驚訝,中性
我沒看到你要我翻譯的英文句子，無法為您提供翻譯服務。請提供英文句子，我會很樂意協助您將其翻譯成繁體中文。,哎呀！,看！是艾瑪啦！,中性,驚訝
哎呀！,看！是艾瑪啦！,我實在無法決定她是否更像你，還是瑞秋。,驚訝,中性
看！是艾瑪啦！,我實在無法決定她是否更像你，還是瑞秋。,哎呀你可別開玩笑了，她可真是個美人家，全是瑞秋的本事。,驚訝,開心
我實在無法決定她是否更像你，還是瑞秋。,哎呀你可別開玩笑了，她可真是個美人家，全是瑞秋的本事。,很抱歉，上次不是，為什麼你們倆不再在一起了？,中性,中性
那...就說有點複雜好了。,沒錯，你一直愛她，一直。你們有了孩子。沒有對的答案。,看，我們已經一起過了。,傷心,傷心
由於瑞秋和我目前正處於非常良好的狀態，所以。,我知道了，我也知道，我也知道，而且如果你試圖多做些反而會搞砸的。,沒錯，確實如此。,傷心,中性
我知道了，我也知道，我也知道，而且如果你試圖多做些反而會搞砸的。,沒錯，確實如此。,沒錯。或者你可能會得到自15歲以來一直渴望的東西。,中性,中性
老天爺。我忘記了自己有多愛開車。我擁有一輛車。,你沒有。,哎呀羅素你真緊張啊！你只需要放輕鬆一下，行了吧？就只是需要放輕鬆而已嘛，就只是需要放鬆一下吧。,開心,中性
你沒有。,哎呀羅素你真緊張啊！你只需要放輕鬆一下，行了吧？就只是需要放輕鬆而已嘛，就只是需要放鬆一下吧。,你在做什麼？！你是——別開玩笑了！就停止打鬧吧！。,中性,憤怒
哎呀羅素你真緊張啊！你只需要放輕鬆一下，行了吧？就只是需要放輕鬆而已嘛，就只是需要放鬆一下吧。,你在做什麼？！你是——別開玩笑了！就停止打鬧吧！。,我不是開玩笑的，我是在玩「Porsching」這個詞遊戲，它是「horsing around」的諧音，意指在玩鬧或開玩笑。,中性,開心
糟糕了。,沒事，保持冷靜。你沒那麼糟糕，沒那麼嚴重。,真的嗎？你這麼認為嗎？,恐懼,恐懼
沒事，保持冷靜。你沒那麼糟糕，沒那麼嚴重。,真的嗎？你這麼認為嗎？,我正在跟自己對話！你必敗無疑！。,中性,憤怒
親愛的！我好想你喔！今天真想你！,哦，真的嗎？,嗯，今晚想去那家新開的餐廳吃晚餐，聽說很好吃呢。,開心,中性
哦，真的嗎？,嗯，今晚想去那家新開的餐廳吃晚餐，聽說很好吃呢。,哎呀，好吧，我們或許可以。..。,驚訝,中性
嗯，今晚想去那家新開的餐廳吃晚餐，聽說很好吃呢。,哎呀，好吧，我們或許可以。..。,好吧，你這招倒是挺有趣的，不過我可不是那麼容易被搞得糊塗的。我一向是個條理分明的人，即使在面對你這種奇特的行徑時，我也能保持冷靜。所以，如果你想知道我的真實想法，就只好繼續用你的方式表現吧，反正我不會因此而改變任何事。,中性,開心
另外，明天我們要做那些生育能力測試，在此之前，你要把那些蝌蚪都放在水族箱裡養。,我們真的需要做那些測驗嗎？,親愛的，我們試過人工受孕一年多了。,中性,中性
嗨，認識的有哪些？,沒看見大衛嗎？,沒有，他並沒有。,中性,中性
沒看見大衛嗎？,沒有，他並沒有。,如果看到他，請告訴他準備打包行李，我們要去明斯克了。,中性,中性
沒有，他並沒有。,如果看到他，請告訴他準備打包行李，我們要去明斯克了。,明斯克？,中性,驚訝
如果看到他，請告訴他準備打包行李，我們要去明斯克了。,明斯克？,莫斯科，位於俄羅斯。,中性,中性
明斯克？,莫斯科，位於俄羅斯。,我知道明斯克在哪裡。,驚訝,中性
莫斯科，位於俄羅斯。,我知道明斯克在哪裡。,我們獲得補助金，三年期間所有費用全額贊助。,中性,開心
我知道明斯克在哪裡。,我們獲得補助金，三年期間所有費用全額贊助。,你何時要離開呢？,中性,中性
我們獲得補助金，三年期間所有費用全額贊助。,你何時要離開呢？,元旦。,開心,中性
很棒！不過，我倒是有點感受到機器人回話時有些態度。,那些機器人的，本應是我們的。,反正不是機器人出毛病，是操縱他的人。,開心,中性
哎呀！,好吧，何不乾脆把那傢伙炒魷魚呢？。,我可能要，我討厭做，但我才是主角！。,驚訝,憤怒
喬伊·崔比恩尼。,嗨喬，很高興找到你，我替你爭取到一個試鏡機會呢！,哇！,中性,驚訝
嗨喬，很高興找到你，我替你爭取到一個試鏡機會呢！,哇！,這事兒有點棘手。,開心,中性
發生什麼事了嗎？你什麼時候開始這麼喜歡嬰兒了？,我不喜歡嬰兒。我喜歡我們。,什麼事？,驚訝,驚訝
我不喜歡嬰兒。我喜歡我們。,什麼事？,看，我們一直說好要生小孩的一天。,開心,中性
他說，「很高興見到妳格倫達。」話說很明顯，我怎麼可能給他我的真名？,為什麼呢？為什麼不行呢？,快點看他跑得一副多麼狼狽的樣子！,中性,傷心
他要繼續留下來跟自己所遺棄的女兒說話！,你對他說了什麼話？,好吧，我說了，我告訴他我是法蘭西斯遺囑的執行人，我需要和他談談，所以我之後會在咖啡館見他。,傷心,中性
好，大約十秒鐘之後你就會看到他親我了。,約莫五秒之後，你就會看到原因。,羅斯曾向我提起過，他曾獨自背包旅行過西歐一回。,開心,中性
好，準備開始看些開場白吧！,原來是羅斯來了！(原來是羅絲向羅斯搭訕去了！),什麼事啊？！,開心,驚訝
什麼事啊？！,我現在非常快樂。,你在說什麼鬼？！,驚訝,驚訝
你怎麼知道那個故事呢？!,如何,我從我朋友伊麗莎白那兒聽說過，她又從某個傢伙那兒聽說過！,驚訝,中性
如何,我從我朋友伊麗莎白那兒聽說過，她又從某個傢伙那兒聽說過！,某人呢？,中性,驚訝
我從我朋友伊麗莎白那兒聽說過，她又從某個傢伙那兒聽說過！,某人呢？,她沒有，她說他叫阿姆斯壯(Ken Adams)。,中性,中性
某人呢？,她沒有，她說他叫阿姆斯壯(Ken Adams)。,肯恩·亞當斯！,驚訝,驚訝
我們可好，你們準備好了嗎？,媽媽今早已經打電話來提醒我不要把頭髮紮起。妳知道我的耳朵並不是我最好的地方吧？,有時我整日都想念他。,中性,中性
有時我整日都想念他。,你好，抱歉我遲到了，我迷路了。,好吧，沒事了。,中性,中性
哦，原來有名字呢？,別生氣，菲比！,好吧—歐克！太遲了！我要走了！來吧，錢德勒，我們走吧！。,驚訝,憤怒
好吧，菲比，我想我該說些什麼。 耶，幹嘛呢。,嗨比恩！,哦，那很好，也許他會聽你的並拉起繩索。,中性,憤怒
嗨比恩！,哦，那很好，也許他會聽你的並拉起繩索。,停下公車！等等！等等！等等！,恐懼,恐懼
好吧，保羅，你自己去穿衣服吧，然後就去吧，再見，拜拜。,瑞秋，這到底怎麼回事？,我不知道，我只是昨天晚上有點碰見他。,開心,恐懼
我不知道，我只是昨天晚上有點碰見他。,哪裡？,他在公寓裡。這是果汁嗎？,恐懼,中性
他在公寓裡。這是果汁嗎？,哎呀，哎呀。而你之所以甩他，是因為他搭訕了菲比嗎？。,哎呀，我知道我是個悲慘的失敗者。,中性,傷心
請問您所提的問題是關於什麼情況會讓人們停止喝母乳？,你不會嚐到什麼？,不行！,噁心,噁心
你不會嚐到什麼？,不行！,連假個奶的假象，也無濟於事。,中性,中性
不行！,連假個奶的假象，也無濟於事。,即使卡羅爾的胸脯上畫著一張失蹤孩子的圖片。,噁心,噁心
即使卡羅爾的胸脯上畫著一張失蹤孩子的圖片。,可愛的！,嗨菲比，可不可以不要把腳放我的新......舊床單上？,噁心,噁心
什麼事啊？！,哎呀！。,羅斯，你這拿了什麼地方來的啊？!,驚訝,驚訝
哎呀！。,羅斯，你這拿了什麼地方來的啊？!,天哪，菲比，。,恐懼,憤怒
羅斯，你這拿了什麼地方來的啊？!,天哪，菲比，。,哇！天哪！好吧，既然他們弄壞了我們的桌子，一定多出我們150元以上的錢！,驚訝,憤怒
這還太早說，她正休息，這是個好徵兆。,頭髮怎麼樣了？。,我不想騙你，Ross，這並不好看。,中性,傷心
我把一個夾子放在一邊，似乎已經停止了捲曲。,我們可以看她嗎？,你的頭髮看起來太好了，我覺得會令她吃醋。羅斯，你怎麼不進來一下呢。,中性,傷心
嗯，挺甜的，有點像，嗯哼，好像是。,西瓜汁。,沒錯。,中性,中性
你試過它嗎？,嗯。,哦，你試過了嗎？,驚訝,憤怒
嗯。,哦，你試過了嗎？,你再三說著，那句話依然不會變真。,中性,中性
哦，你試過了嗎？,你再三說著，那句話依然不會變真。,給我酒杯。給我毛巾。,憤怒,憤怒
我們不會知道格雷格和珍妮為何要給我們一個假電話號碼，因為他們是基於什麼原因而給的，我們無從得知。,你知道嗎？如果他們知道自己在做什麼，大概也不會給你們真名。,或許人們會發放假的號碼，但並不會發放假的身份。,憤怒,憤怒
你知道嗎？如果他們知道自己在做什麼，大概也不會給你們真名。,或許人們會發放假的號碼，但並不會發放假的身份。,嗨，奧耶？我是奧利佛，很高興認識你。,中性,中性
我們並沒有做錯什麼，他只是在找碴。,我知道啦！雖然你講了很多笑話，但其中有幾個還蠻好笑的呢！,我想你之前說那些笑話很好笑。笑話。笑話。笑話。,驚訝,驚訝
抱歉，我誤會了你的意思。既然你說你的腳癢得不得了，我猜你可能想找個方式來舒緩這股癢意。你可以試試看熱水澡或泡澡，這有助於放鬆肌肉並減輕不適。此外，你可以使用一些天然的止癢產品，如蘆薈膠或茶樹油，這些都有助於舒緩皮膚並減少瘙癢。如果這些方法都不奏效，建議你去看醫生，以排除任何潛在的皮膚感染或過敏反應。,"哦，我明白了，您要我將這段英文翻譯成繁體中文，我已將原文翻譯如下：
原來是這樣啊，我明白了。",哇！我通常在跟她多認識一點之後，才會讓她給我吃。,中性,驚訝
沒事，我們不是在搞分歧。,哎呀！看看這兒吧！噢！牆紙有點褪色了，沒關係。地毯有點鬆了，算了。硬木地板呢！。,嗨！,開心,開心
嗨！,你好。,哎呀！哎呀！哎呀，莫妮卡！好美啊！。,開心,開心
我帶了房子所需的一堆東西，你們看看吧。哈哈。,這是什麼東西？,那是一隻狗，每棟房子裡都應該有一隻狗。,開心,開心
這是什麼東西？,那是一隻狗，每棟房子裡都應該有一隻狗。,不能在屋頂上小便之一的東西。,驚訝,驚訝
那是一隻狗，每棟房子裡都應該有一隻狗。,不能在屋頂上小便之一的東西。,也許房子之所以如此龐大，是因為建造時使用了放射性廢料。,開心,開心
也許房子之所以如此龐大，是因為建造時使用了放射性廢料。,"這是在假設房子會打噴嚏，這是個有趣的比喻，用來形容一個看似堅固、穩定，但卻可能因為一些意想不到的原因而突然崩塌或發生其他災難。這句英文原句是 ""And is this in case the house sneezes?""，將它翻譯成繁體中文的意思是「而這，正為了萬一房子打噴嚏呢？」這是一個有趣的問題，將房子擬人化，想像它的脆弱性，以引起人們對建築安全和維護的重視。",不，不，那是房頂樓的鬼。,開心,中性
不，不，那是房頂樓的鬼。,我不要一個鬼。,話說，誰都不想有鬼。但你卻多了一個，只因房子座落在一座古老的印第安墓地上。,中性,中性
話說，誰都不想有鬼。但你卻多了一個，只因房子座落在一座古老的印第安墓地上。,等等，那座房子蓋在放射性廢料上，還座落在印地安人古墓遺址上？那絕不可能。,好吧，顯然你對美國政府所知不多。,中性,中性
嗨！,你好。,我需要和你談談！,驚訝,開心
沒問題，我已準備妥當，三十秒內就完成更衣，讓你和那個人獨處。你最好把握這次機會。,我並非有意要追求任何事物。,好吧，如果你不，我就會了。,憤怒,憤怒
我並非有意要追求任何事物。,好吧，如果你不，我就會了。,請你去嗎？,噁心,開心
嗯。,請看，請看。,哎呀！。,中性,驚訝
請看，請看。,哎呀！。,還有，還有！,開心,開心
哎呀！。,還有，還有！,哎呀！。,驚訝,驚訝
顯然是《愛瑪仕》。,親愛的，你真喜歡那個名字。,嗯，但我更愛你。,中性,開心
謝謝你的稱讚，下次再見啦！,等等、等等、等等！,"看，莫妮卡。(Look, Monica.)",傷心,中性
等等、等等、等等！,"看，莫妮卡。(Look, Monica.)",看！,開心,驚訝
"看，莫妮卡。(Look, Monica.)",看！,這行不通。,中性,憤怒
看！,這行不通。,我肯定這會行！,驚訝,開心
這行不通。,我肯定這會行！,你太棒了！我愛你！,憤怒,開心
我肯定這會行！,你太棒了！我愛你！,什麼事？,開心,驚訝
你太棒了！我愛你！,什麼事？,原來你這麼覺得，我只是覺得你很棒，然後就沒話可說了。,開心,恐懼
什麼事？,原來你這麼覺得，我只是覺得你很棒，然後就沒話可說了。,你說你愛我！我怎麼會相信這事兒呢？。,驚訝,驚訝
原來你這麼覺得，我只是覺得你很棒，然後就沒話可說了。,你說你愛我！我怎麼會相信這事兒呢？。,我沒做啊！,恐懼,恐懼
你說你愛我！我怎麼會相信這事兒呢？。,我沒做啊！,是的，你做到了！,驚訝,驚訝
我沒做啊！,是的，你做到了！,我沒做啊！,恐懼,恐懼
是的，你做到了！,我沒做啊！,你愛我！,驚訝,開心
我沒做啊！,你愛我！,我不同意你的說法。,恐懼,憤怒
你愛我！,我不同意你的說法。,哈囉格雷格?,開心,中性
珍妮自從搬進這間房子後，就一直持續地「發出」。,珍妮！真是太珍妮了！(Jenny! That is so Jenny!),嗨，聽起來你好，想約個時間見面嗎？,憤怒,中性
喬伊，你在說些什麼？你是個精湛的演員。,你這麼認為嗎？,哎呀，你居然會問那樣的問題！。,中性,驚訝
你這麼認為嗎？,哎呀，你居然會問那樣的問題！。,羅斯！快拍張照片紀錄下來。(他手裡拿著一期《》雜誌),驚訝,驚訝
嗯，我愛你。好，再見囉！嗨！,嗨！,那是愛麗絲的媽媽，她說她已經離開這裡五小時了，應該到現在應該已經到了。,開心,恐懼
嗨！,那是愛麗絲的媽媽，她說她已經離開這裡五小時了，應該到現在應該已經到了。,親愛的，別擔心，她準時交貨是沒問題的。,開心,中性
那是愛麗絲的媽媽，她說她已經離開這裡五小時了，應該到現在應該已經到了。,親愛的，別擔心，她準時交貨是沒問題的。,嗯。,恐懼,中性
哦，好吧，他們給了你舊時的定價。,嗯。,請問您要問我的是從哪一個時期呢？,中性,中性
嗯。,請問您要問我的是從哪一個時期呢？,哎呀，是來自古早時候的，就像往日時光一樣，你知道嗎？,中性,中性
請問您要問我的是從哪一個時期呢？,哎呀，是來自古早時候的，就像往日時光一樣，你知道嗎？,是的，我確實這麼認為。,中性,中性
他們有沒有告訴你們什麼呢？,是的，我知道的，這是來自白普萊恩斯的。,白原市。哎呀，聽起來是個魔幻般的地方。,中性,開心
所以，你還認為我不是男朋友料嗎？。,咦？,昨晚比賽期間，我看見你偷偷瞄著我。,憤怒,中性
瑞秋，這件事即將發生，錢德勒要搬進來住了。,但我。,不行，等一下！,中性,中性
而它。,是的，真的。,嗯，寶貝。,中性,中性
是的，真的。,嗯，寶貝。,我們不是，我們不再打算同居了嗎？,驚訝,傷心