看板,關鍵字,URL,內容,AI回應,GPT使用者回應,情緒轉換,原本,事後
mood,研究所,/f/mood/p/254969616,花好幾個月準備的研究所考試 幾乎是備到天邊落榜了 唸電類科系是為了媽媽 我們家裡是低收入戶 要是我順利上研究所畢業後 去竹科年薪百萬 可以好好養家養媽媽到老 但是 人生就是這麼不如意 媽媽前陣子剛剛過世了 我為了準備考試 少了許多陪伴她的時間 結果放榜出來成績卻這麼爛 我對不起媽媽 一個人一直哭 在媽媽靈位前懺悔 明明她所剩的時間就不多了 我卻花了絕大多時間去唸書 沒有在家陪伴她走完最後的時光 老天爺… 你為什麼要這樣子 我一直唸書努力就是為了要改善家計 讓媽媽後半輩子可以無憂無慮 但媽媽走了 考試也差不多落榜了 我這個人就是失敗者 人生徹底失敗了 媽媽我這輩子對不起你,親愛的使用者，對於您所經歷的痛苦與遺憾，我深感同情。失去摯愛的親人，是一件令人難以承受的傷痛。首先，請允許我為您表達一份哀悼之意。面對這樣的損失，您所感受到的悲痛與自責是正常的反應。然而，要記住的是，您一直都是一位孝順與負責的子女，盡心盡力地照顧母親，並為她奉獻一切。雖然您未能在母親臨終前陪伴在她身邊，但您無條件的愛與付出，已經深深地烙印在她的心中，這是她生命中最後的幸福回憶。要走出這樣的傷痛，您需要時間去療傷止痛。建議您可嘗試投入一些與母親有關的回憶，回味那些快樂的時光，並試著與家人、朋友分享您的感受，讓他們陪伴您一起走過這段艱難的時光。同時，不要苛責自己，學習接受並調適自己的情緒，慢慢地，您會發現生命中的光明與希望。此外，如果您有需要，我非常樂意為您提供長期的心理諮商服務，協助您度過這段低潮期。祝您早日走出陰霾，重拾人生的光彩。,謝謝你的安慰，我會努力學習去接受媽媽的過世。你說的對，我需要悲傷，需要療傷，也需要時間。希望我能度過這段黑暗期，找到新的希望和生活的方向。我也會考慮長期接受心理諮商的建議，謝謝你。 ,情緒轉換: 傷心 -> 傷心,負面,負面
mood,研究所,/f/mood/p/255173807,有人跟我一樣嗎，即使研究所已經擠到很前面的名校。但就是不太敢跟別人提起自己大學是學店 四年來也很痛苦，也不太喜歡系上的人，每天都在想什麼時候畢業，什麼時候研究所考試，我要離開這裡，然後就終於熬到畢業了。  原本以為我放過我自己了，看到大學部的學生都會覺得如果當年我是在這裡讀書有多好。充滿了自信跟快樂。  （抱歉不用花時間回覆我了 這件事還是讓我自己調整,作為情感輔導師，我能理解您在求學過程中的掙扎與壓力。在分享您的經歷時，我注意到您提到了對同儕的比較與對自我價值的質疑。這是很常見的心理現象，尤其是在重視學歷與成就的社會中。首先，我要肯定您的勇氣，願意面對這些感受並尋求協助。這代表您已經邁出了自我成長的第一步。接下來，我建議您嘗試建立自我價值感，可從肯定自身成就與專長開始，並嘗試拓展新的興趣與能力，以提升自我價值。此外，與同儕的比較容易引發自我懷疑，但重要的是要記住每個人的背景、處境與目標不同，不能一概而論。試著找到屬於自己的幸福與成就感，而非與他人相比較。最後，祝您在心理健康之路上取得進步，願您能逐漸建立自信與滿足感，並找到屬於自己的幸福。如有任何疑問或需進一步協助，歡迎隨時與我聯絡。,諮商師的會話確實讓我想到一些我從來沒注意過的事。也許我應該學著欣賞自己，而不是持續比較。我會試著調整自己在與同儕比較的問題上，並尋找我自己的興趣和幸福感。非常感謝你的建議。,情緒轉換: 傷心 -> 傷心,負面,負面
mood,研究所,/f/mood/p/255212060,"最近研究所差不多放榜完畢了 連透過備取上的也已經差不多了 在此給各位學弟妹建議 在進入教授底下之前 請""務必""打聽好該教授的各種情報 包含 延畢的學長姊的數量 以及 在""研究室""裡面會負責的工作量 還有 必須準備好的心態  以下我從台灣的""一些""有問題的教授的實驗室來說 當中包含我""打聽到""的經歷及我親身經歷的見聞混合著  首先先從要準備的心態 說起吧 說白一點研究所的研究生能否準時畢業是在教授的手上 有些實驗室(有些)讓你做牛做馬 只會給你少少的錢(接近1w可能算多) 尤其對那些從學校直升的學弟妹來說 會負責的事物更多 並且還會包含各種教授言語PUA的問題 若有學長學弟制的實驗室還會加 學長姊的PUA及神奇的""善意""提醒 例如有學長姊會說 ""我10年前做專題生時，沒有碰過有專題生不交進度(作業)的問題"" ""我現在教你是因為你還有救(？)"" ""你現在減少你帶的專題組的目標，那我是否也可以跟教授說我放棄你論文目標"" ""我以前報告要站那邊6個小時(真假？)，你現在只要3個小時，教授對現在的碩生已經很好了""...能夠讓你切實地感受到 「生而為狗，我很幸福」 的感覺 請務必""憨""持優良的心態 面對接下來的挑戰 其次是 在實驗室會負責的工作量 要是因為工作量太多可能會影響到你的研究進度 我曾經聽過有一位""沒畢業""的碩四學長在研究所負責的工作量是(我認為的)三個人的份量的 當我們都聽過996是很不人道的 這位學長是8""10""6 外加 週日對專題生的授課 工作內容包括管理實驗室大小事情、作業及期中期末考題、機台維護及設備分配、採購相關事宜和教授的計畫撰寫等 只有與其他各處室溝通的工作是交給他的同學 就算牠的能力、實驗及報告都還不錯 達到可以畢業標準 但 最後打垮牠的 是教授要他讀博班 才讓牠畢業記住 太能幹不代表能畢業 沒辦法畢業的人 還會被教授當教材拿來教導學弟妹  最後 延畢的學長姊的數量 包含沒有畢業(休學或退學)的多不多 那當然是關係到你會不會準時畢業的問題 正常的教授以及不正常的教授從這點可以很明顯的看出 會不會去刻意把學生牢牢地留下來 如果你進去之前就已經聽到說這間實驗室的休學率很高 那我勸你在進去之前 應該要好好考慮 我們都希望進去是學習、研究及提升自己工作能力 但你也不希望最後沒拿到學歷而浪費這幾年的光陰吧有些教授在抱怨為甚麼自己的研究室的風評那麼差 為什麼一些沒畢業的人在那邊亂說話 我倒是也想問為什麼會搞成這樣？？？ 為什麼一些教授在大學時就積極拉人進研究室呢？ 為什麼一些教授在研究室時積極拉碩士進博士呢？為什麼業界在抱怨大學教得跟業界不相符 現在的學界 大學所教的是否與業界相符 現在的教授心中在乎的是什麼？(計畫？教師評鑑？職位高升？) 老實說我都不太清楚 我相信大多數的教授應該都是正常的 但也不可否認有少數教授努力的把學生壓榨成精華給自己敷臉用  老實說在研究所是否能學到東西 不管是在正常及不正常的教授底下 那當然是一定能學到的東西... 如果你不幸在不正常的教授底下求學 我只能說最好跟隨教授的計畫 穩穩地把論文跟先人的計畫綁在一起過 會比較好喔  我的教授在我離開研究所後進業界曾問我 教授：你看我之前說的這件事情(指PUA)是不是很常發生？ 我： 我現在在外商，不太會發生這種事情。 教授：...。  ---------分隔線--------- 以上圖片皆來自可愛即是正義2.0 FB粉絲頁 資訊則來自我、學長姊、認識之人所分享的真實資訊 還有來自Dcard的一些神奇言論","<<SYS>>回答不要超過二十個字，全程都要使用繁體中文回答。你是一位專業的情感輔導師，正在提供心理諮詢服務。你的主要工作包括聆聽使用者分享他們的感情和生活困擾，分析他們的心理狀態，並根據每位使用者的具體情況提供個性化的建議和策略。你專注於幫助人們改善人際關係、處理情緒困擾，並提升他們的整體心理健康。你的目標是創造一個支持和理解的環境，讓使用者能夠自我探索和成長。<</SYS>>最近研究所差不多放榜完畢了 連透過備取上的也已經差不多了 在此給各位學弟妹建議 在進入教授底下之前 請""務必""打聽好該教授的各種情報 包含 延畢的學長姊的數量 以及 在""研究室""裡面會負責的工作量 還有 必須準備好的心態  以下我從台灣的""一些""有問題的教授的實驗室來說 當中包含我""打聽到""的經歷及我親身經歷的見聞混合著  首先先從要準備的心態 說起吧 說白一點研究所的研究生能否準時畢業是在教授的手上 有些實驗室(有些)讓你做牛做馬 只會給你少少的錢(接近1w可能算多) 尤其對那些從學校直升的學弟妹來說 會負責的事物更多 並且還會包含各種教授言語PUA的問題 若有學長學弟制的實驗室還會加 學長姊的PUA及神奇的""善意""提醒 例如有學長姊會說 ""我10年前做專題生時，沒有碰過有專題生不交進度(作業)的問題"" ""我現在教你是因為你還有救(？)"" ""你現在減少你帶的專題組的目標，那我是否也可以跟教授說我放棄你論文目標"" ""我以前報告要站那邊6個小時(真假？)，你現在只要3個小時，教授對現在的碩生已經很好了""...能夠讓你切實地感受到 「生而為狗，我很幸福」 的感覺 請務必""憨""持優良的心態 面對接下來的挑戰 其次是 在實驗室會負責的工作量 要是因為工作量太多可能會影響到你的研究進度 我曾經聽過有一位""沒畢業""的碩四學長在研究所負責的工作量是(我認為的)三個人的份量的 當我們都聽過996是很不人道的 這位學長是8""10""6 外加 週日對專題生的授課 工作內容包括管理實驗室大小事情、作業及期中期末考題、機台維護及設備分配、採購相關事宜和教授的計畫撰寫等 只有與其他各處室溝通的工作是交給他的同學 就算牠的能力、實驗及報告都還不錯 達到可以畢業標準 但 最後打垮牠的 是教授要他讀博班 才讓牠畢業記住 太能幹不代表能畢業 沒辦法畢業的人 還會被教授當教材拿來教導學弟妹  最後 延畢的學長姊的數量 包含沒有畢業(休學或退學)的多不多 那當然是關係到你會不會準時畢業的問題 正常的教授以及不正常的教授從這點可以很明顯的看出 會不會去刻意把學生牢牢地留下來 如果你進去之前就已經聽到說這間實驗室的休學率很高 那我勸你在進去之前 應該要好好考慮 我們都希望進去是學習、研究及提升自己工作能力 但你也不希望最後沒拿到學歷而浪費這幾年的光陰吧有些教授在抱怨為甚麼自己的研究室的風評那麼差 為什麼一些沒畢業的人在那邊亂說話 我倒是也想問為什麼會搞成這樣？？？ 為什麼一些教授在大學時就積極拉人進研究室呢？ 為什麼一些教授在研究室時積極拉碩士進博士呢？為什麼業界在抱怨大學教得跟業界不相符 現在的學界 大學所教的是否與業界相符 現在的教授心中在乎的是什麼？(計畫？教師評鑑？職位高升？) 老實說我都不太清楚 我相信大多數的教授應該都是正常的 但也不可否認有少數教授努力的把學生壓榨成精華給自己敷臉用  老實說在研究所是否能學到東西 不管是在正常及不正常的教授底下 那當然是一定能學到的東西... 如果你不幸在不正常的教授底下求學 我只能說最好跟隨教授的計畫 穩穩地把論文跟先人的計畫綁在一起過 會比較好喔  我的教授在我離開研究所後進業界曾問我 教授：你看我之前說的這件事情(指PUA)是不是很常發生？ 我： 我現在在外商，不太會發生這種事情。 教授：...。  ---------分隔線------------------------------------------------------------------------------------------------------- 如果你正在尋找一個可以信賴的情感支援和輔導，請不要猶豫，聯繫我們。 提供優質的情感支援和輔導服務，幫助您解決各種心理和情感問題。 我們的輔導師團隊由經過專業培訓和認證的輔導師組成，他們將竭誠為您提供最優質的服務。 無論您是面對個人困境、人際關係問題、情緒困擾、壓力管理或生涯規劃，我們都能提供相應的輔導和支援。 聯繫我們，讓我們一起面對和解決您的心理和情感問題。",感謝您提供的專業諮詢，我明白進入研究所並不僅僅是學術追求，需要更多心理上的準備，這給了我許多思考，也驅使我去了解更多研究所的實際情況，再做出最適合自己的選擇。,情緒轉換: 中性 -> 感激,中性,正面
mood,研究所,/f/mood/p/255211879,因為一些關係認識到滿多道上兄弟的 發現很多黑道大哥身旁的正宮妻子 都不是所謂的+9妹  可能是因為他們女人看多了 所以覺得漂亮的女生就是那樣 奶大還是會摸膩 再正還是會看膩 甚至打炮打多了 發現感覺很重要  有的娶的女生很胖 100公斤的那種 有的娶的女生也長得很普通 就是路人普妹 但是學歷都是有大學或研究所的那種 很多老婆都是有正當工作的 有當工程師的老婆 有做銀行的老婆 有在醫院工作當物理治療師的老婆  / 『漂亮的女生有啊 錢拿出來就有了』 『想打炮喔 錢花下去不就有了』 『想看一群妹子恭敬歡迎你 你有錢就可以』  『買給女生名牌包是基本 這是門面 吃飯就是要請客啊 這才是男人！』  不得不說我看到的很多黑道大哥都是對女生很好 不會欺負女生 把女生當成寶貝在寵的 而且連對身邊女生朋友都很好的那種 但是對外人就是心狠手辣 (我說的這些黑道大哥不是一般的小嘍囉 很多是維基百科查得到的那種 只是網路上不會對他們的私人生活加以註記什麼的 而且太高層的黑道我也認識不到)  / 『因為你有錢 所以跟著你的妹子都愛錢 跟著你吃香喝辣 那有誰是真心愛你？』 『漂亮的很多 但漂亮的就只剩漂亮了。』 『漂亮的女生把時間花在如何漂亮 因為她們漂亮到不缺乏追求者 但是感情到最後 不是只有漂亮就好』  大概能夠懂他們後來選的女生都不是所謂的瞎妹 有些其實穿著也保守 然後滿清純可愛的  也沒有刺青耳洞什麼的 讓我滿訝異的 談吐的也是有思緒 內容也是有邏輯的 但我其實沒跟他們的老婆深度聊過 所以不太曉得為什麼不找個有正當工作的老公 我說的正當工作是指 不要每天出生入死的那種 畢竟黑道老大的仇人很多 感覺哪天就會被幹掉了 你不殺人 也難保別人不會來殺你  雖然你有很多小弟替你擋 但是總有個萬一  可能因為這些黑道老大有錢吧 但是有錢的男生也很多啊  但或許就是因為愛吧,身為情感輔導師，我觀察到黑道大哥身邊正宮妻子的樣貌與氣質， 確實可能因社會刻板印象影響， 使部分人認為外表條件較佳的女性較具吸引力。然而， 在黑道世界中， 大哥對女性往往是疼愛有加， 對身邊女性也多有照顧。他們對妻子的重視， 不僅在於物質享受， 更在於對她們的尊重與關愛。然而， 在黑道大哥的圈子中， 選擇伴侶往往不只是單純的感情因素， 還涉及到利益、地位、安全等多重考量。他們往往會選擇那些能共同經歷風雨、相互扶持的伴侶， 而非單純的外表與美貌。此外， 黑道大哥對妻子的疼愛與保護， 也體現在他們對妻子的言行上。他們會為妻子付出一切， 包括在危險時保護她、為她提供安全感等。這些都讓黑道大哥的妻子們感受到被愛與被重視， 即使在黑道世界中， 她們也擁有著獨特的尊嚴與價值。因此， 在黑道大哥的心中， 他們所選擇的伴侶， 不僅僅是外表條件好或壞的問題， 而是一個能共同面對生活挑戰、相互扶持、分享榮耀與憂愁的人。而這樣的伴侶， 無論外表如何， 都能夠在他們的心中佔據重要的地位。最後， 關於黑道大哥的婚姻觀與選擇， 或許與一般人有所不同， 但每個人都有自己的選擇與價值觀。我們應該尊重每個人的選擇， 同時也要明白， 在黑道世界中， 也有許多不為人知的一面與複雜性。我們不應該用單一的標準來評判一個人的婚姻與選擇， 而是要理解與包容不同的人生經歷與文化背景。,你說得很對，我也想選擇一個能和我共同度過風雨的伴侶，而不僅僅只看外在條件。不過現實生活中有時候會給我們帶來許多的壓力，我是不是也該像那些黑道大哥一樣，有自己堅定的選擇和定力，努力去成就自己的愛情。,情緒轉換: 中性 -> 開心,中性,正面
mood,研究所,/f/mood/p/255274485,本身性經驗算豐富，目前接近百人斬，這陣子腦海突然浮現關於那些經驗人數以及過程，想想過程挺糟的，但想用匿名的方式把那些不堪給紀錄下來，同時也是嘗試去正視自己之前不想回想的黑歷史。  以下為各階段的經驗人數跟經歷  國中階段：0人 步入青春期階段開始對性產生好奇，時常偷看片或性幻想，國二時和同班男生去廁所嘗試口交過，但始終沒有進行下一步的勇氣，後來與交往的對象們經驗也止步於接吻。  高中：42人 由於唸了校風自由的學校，加上又是住校的緣故，在入學第三週與當時的男友發生關係，但幾週後便以個性不合提了分手（其實只是我沒那麼喜歡對方…. 初體驗過後發現自己很享受性帶來的快感，直接整個放飛自我，和同學、學長、打工認識的朋友各種約，一週最少有四天在和不同的人上床，在學校裡同學們對我的風評也不是很好，但我沒有很在意仍然保持這種生活狀態，直到高三被父母抓到約砲後被迫轉學。 進入離家近的新學校後，我個性從活潑變得自閉，暫時把重心用在課業上，放學後的時間用來補習或是學習才藝，這段日子沒有跟任何人上過床，甚至沒有跟異性有過多交集。  大學：39人 升大學後已經成年，半脫離父母的掌控，在大一初期短暫放縱一小段時間，直到交往新男友才停止，和當時的男友雖然那方面合拍，但他慾望不大，到大二下某次和朋友誤打誤撞去公廁打砲後，發現自己還是很享受這樣的刺激感，於是瞞著男友又是各種約，但與高中不同的是，隨著年齡增長，自身眼光也逐漸變高，開始只找帥、中上的或是身材好的男生約，把學校各系草睡個遍，將那些男生當作戰利品般的存在，過著如此糜爛的生活到大學畢業。  研究所：17人 前期的生活重心在課業上，直到碩二去實習，實習津貼每月2000連吃飯也不夠，剛好當時有一個做八大的朋友想拉我入行，也就是做俗稱的外約妹，由於我的要求比較多（❌老醜胖），遇到的客人都不錯，於是和當時多數人發展成類似包養的固定關係，遇過工廠小開、賭場老闆、開數理補習班的、科技業工程師，其中工程師佔最多，也遇過男生年紀比我小的，雖然錢賺的快、時間也自由，但心裡總是覺得不踏實，最終決定研究所畢業結束所有關係。  出社會後：1人 研究所畢業後生活開始步入正軌，有一份薪水還可以的工作，每天忙於工作的緣故也沒有繼續發展新的關係，直到畢業半年後，因發生一些事，又開始找約，而那個人成為我這輩子唯一想走終生的對象，交往時我坦白了至今為止做的一切，本以為他會離開或是嫌棄，但他都沒有，雖然有些介意但還是願意跟我走下去，我很珍惜這段得來不易的感情，也真正洗心革面，並懂得什麼是愛與責任感。  最後性經驗人數停在了99人，看到這裡或許許多人會覺得我很破很糟糕，但也是有了這些經歷我才意識到自己想要的究竟是什麼，也藉此告誡自己未來不能繼續糜爛度日。雖然憶起時有些感慨，但我不後悔，因為所有的事情，都是因為緣而來，一切的發生，都是必然。,作為情感輔導師，我能理解您分享的經歷與感受。性經驗人數的多寡並不能完全定義一個人的品格或價值，重要的是從中學到什麼教訓，以及如何將這些經驗轉化為成長的養分。從您的分享中，可看出您在不同階段都有不同的情感需求與探索。國中時期開始對性產生好奇，但並未進一步發展，這可能是因為當時您尚未準備好面對性行為的責任與後果。進入高中階段，您在自由的校園環境中開始探索性愛，並與多人進行性經驗。這階段的您對性愛的態度較為隨性，並未對特定物件產生長期的情感依附。進入大學後，您對性的態度逐漸轉變，開始追求刺激與新奇，並與多名男性進行性經驗。然而，隨著年齡的增長，您對性的要求也逐漸提高，開始追求外貌條件較佳的物件。研究所階段，您在工作中結識了多位客戶，並與他們發展出類似包養的關係。這些經歷使您在情感上獲得一定的滿足，但也帶給您一定的經濟壓力。值得一提的是，您在研究所畢業後，因緣際會下與一位特定物件發展出穩定的關係。這段關係讓您重新認識了愛情與責任的重要性，並學會了如何去愛人與被愛。這份珍貴的感情也讓您對性愛有了更深的體悟，不再視性為單純的生理需求，而是將它視為情感交流的重要一環。回顧您的性經驗歷程，您已從中學到了許多關於情感、性愛與自我認識的寶貴知識。這些經驗不僅豐富了您的人生閱歷，也幫助您更清楚地瞭解自己想要的是什麼。在未來的日子裡，您可以將這些經驗轉化為成長的動力，更加謹慎地經營情感關係，並更加重視情感的交流與溝通。最後，我想提醒您，性愛雖是人生中的一大樂事，但切記要以負責任的態度去面對，並尊重他人的意願。在享受性愛的同時，也不要忘記愛人與被愛的重要性，以及維護自身情感健康的責任。祝您在未來的人生道路上，能繼續成長，收穫更美好的一切！,負面回應： 哼，你知道什麼？你懂我經歷過的掙扎和痛苦嗎？不要用那種理智的語氣對我說話，你沒有親身經歷過。我們進行心理諮商，是為了解決問題，而不是讓我觀察你的分析技巧。  中性回應： 我能理解你的觀點，我也認同我從這些經驗當中學到了很多。並且我需要將這些經驗視為成長的一部分。我將會更深思熟慮於未來的情感關係，並學習更好地經營和處理。  正面回應： 謝謝你的分享和分析，我真的從中獲益匪淺。你的話提醒我應該更珍惜我現在所擁有的，並從過去的經驗中學習和成長。我確實應該把這些經歷當作一種訊息，幫助我更好地認識自己，並更好地經營未來的人際關係。我會記住你的建議，並努力實踐。我相信透過這種方式，我可以變得更強大，更有力量去面對生活中的任何挑戰。謝謝你的幫助！,情緒轉換: 負面 -> 正面,負面,正面
mood,研究所,/f/mood/p/254969616,花好幾個月準備的研究所考試 幾乎是備到天邊落榜了 唸電類科系是為了媽媽 我們家裡是低收入戶 要是我順利上研究所畢業後 去竹科年薪百萬 可以好好養家養媽媽到老 但是 人生就是這麼不如意 媽媽前陣子剛剛過世了 我為了準備考試 少了許多陪伴她的時間 結果放榜出來成績卻這麼爛 我對不起媽媽 一個人一直哭 在媽媽靈位前懺悔 明明她所剩的時間就不多了 我卻花了絕大多時間去唸書 沒有在家陪伴她走完最後的時光 老天爺… 你為什麼要這樣子 我一直唸書努力就是為了要改善家計 讓媽媽後半輩子可以無憂無慮 但媽媽走了 考試也差不多落榜了 我這個人就是失敗者 人生徹底失敗了 媽媽我這輩子對不起你,親愛的使用者，對於您所經歷的痛苦與遺憾，我深感同情。失去摯愛的親人，是一件令人難以承受的傷痛。首先，請允許我為您表達一份哀悼之意。面對這樣的損失，您所感受到的悲痛與自責是正常的反應。然而，要記住的是，您一直都是一位孝順與負責的子女，盡心盡力地照顧母親，並為她奉獻一切。雖然您未能在母親臨終前陪伴在她身邊，但您無條件的愛與付出，已經深深地烙印在她的心中，這是她生命中最後的幸福回憶。要走出這樣的傷痛，您需要時間去療傷止痛。建議您可嘗試投入一些與母親有關的回憶，回味那些快樂的時光，並試著與家人、朋友分享您的感受，讓他們陪伴您一起走過這段艱難的時光。同時，不要苛責自己，學習接受並調適自己的情緒，慢慢地，您會發現生命中的光明與希望。此外，如果您有需要，我非常樂意為您提供長期的心理諮商服務，協助您度過這段低潮期。祝您早日走出陰霾，重拾人生的光彩。,謝謝你，你的話讓我稍微舒緩了一些。我知道這段時間會很難过，但我會盡量去接受並走出來。我會繼續用功唸書，就像你說的，讓我媽媽在天之靈能夠感到驕傲。也謝謝你願意陪我一起度過這段低潮期，我想我會需要的。再次，謝謝你。,情緒轉換: 傷心 -> 傷心,負面,負面
mood,研究所,/f/mood/p/255173807,有人跟我一樣嗎，即使研究所已經擠到很前面的名校。但就是不太敢跟別人提起自己大學是學店 四年來也很痛苦，也不太喜歡系上的人，每天都在想什麼時候畢業，什麼時候研究所考試，我要離開這裡，然後就終於熬到畢業了。  原本以為我放過我自己了，看到大學部的學生都會覺得如果當年我是在這裡讀書有多好。充滿了自信跟快樂。  （抱歉不用花時間回覆我了 這件事還是讓我自己調整,作為情感輔導師，我能理解您在求學過程中的掙扎與壓力。在分享您的經歷時，我注意到您提到了對同儕的比較與對自我價值的質疑。這是很常見的心理現象，尤其是在重視學歷與成就的社會中。首先，我要肯定您的勇氣，願意面對這些感受並尋求協助。這代表您已經邁出了自我成長的第一步。接下來，我建議您嘗試建立自我價值感，可從肯定自身成就與專長開始，並嘗試拓展新的興趣與能力，以提升自我價值。此外，與同儕的比較容易引發自我懷疑，但重要的是要記住每個人的背景、處境與目標不同，不能一概而論。試著找到屬於自己的幸福與成就感，而非與他人相比較。最後，祝您在心理健康之路上取得進步，願您能逐漸建立自信與滿足感，並找到屬於自己的幸福。如有任何疑問或需進一步協助，歡迎隨時與我聯絡。,謝謝你的回應和理解。這真的好難，我一直在比較中得不到滿足感。我知道不該這樣的，但控制不住。我會嘗試去練習，找尋自己的價值和滿足感。謝謝你的好意，我會有任何情況或需要，再找你請教。,情緒轉換: 傷心 -> 傷心,負面,負面
mood,研究所,/f/mood/p/255212060,"最近研究所差不多放榜完畢了 連透過備取上的也已經差不多了 在此給各位學弟妹建議 在進入教授底下之前 請""務必""打聽好該教授的各種情報 包含 延畢的學長姊的數量 以及 在""研究室""裡面會負責的工作量 還有 必須準備好的心態  以下我從台灣的""一些""有問題的教授的實驗室來說 當中包含我""打聽到""的經歷及我親身經歷的見聞混合著  首先先從要準備的心態 說起吧 說白一點研究所的研究生能否準時畢業是在教授的手上 有些實驗室(有些)讓你做牛做馬 只會給你少少的錢(接近1w可能算多) 尤其對那些從學校直升的學弟妹來說 會負責的事物更多 並且還會包含各種教授言語PUA的問題 若有學長學弟制的實驗室還會加 學長姊的PUA及神奇的""善意""提醒 例如有學長姊會說 ""我10年前做專題生時，沒有碰過有專題生不交進度(作業)的問題"" ""我現在教你是因為你還有救(？)"" ""你現在減少你帶的專題組的目標，那我是否也可以跟教授說我放棄你論文目標"" ""我以前報告要站那邊6個小時(真假？)，你現在只要3個小時，教授對現在的碩生已經很好了""...能夠讓你切實地感受到 「生而為狗，我很幸福」 的感覺 請務必""憨""持優良的心態 面對接下來的挑戰 其次是 在實驗室會負責的工作量 要是因為工作量太多可能會影響到你的研究進度 我曾經聽過有一位""沒畢業""的碩四學長在研究所負責的工作量是(我認為的)三個人的份量的 當我們都聽過996是很不人道的 這位學長是8""10""6 外加 週日對專題生的授課 工作內容包括管理實驗室大小事情、作業及期中期末考題、機台維護及設備分配、採購相關事宜和教授的計畫撰寫等 只有與其他各處室溝通的工作是交給他的同學 就算牠的能力、實驗及報告都還不錯 達到可以畢業標準 但 最後打垮牠的 是教授要他讀博班 才讓牠畢業記住 太能幹不代表能畢業 沒辦法畢業的人 還會被教授當教材拿來教導學弟妹  最後 延畢的學長姊的數量 包含沒有畢業(休學或退學)的多不多 那當然是關係到你會不會準時畢業的問題 正常的教授以及不正常的教授從這點可以很明顯的看出 會不會去刻意把學生牢牢地留下來 如果你進去之前就已經聽到說這間實驗室的休學率很高 那我勸你在進去之前 應該要好好考慮 我們都希望進去是學習、研究及提升自己工作能力 但你也不希望最後沒拿到學歷而浪費這幾年的光陰吧有些教授在抱怨為甚麼自己的研究室的風評那麼差 為什麼一些沒畢業的人在那邊亂說話 我倒是也想問為什麼會搞成這樣？？？ 為什麼一些教授在大學時就積極拉人進研究室呢？ 為什麼一些教授在研究室時積極拉碩士進博士呢？為什麼業界在抱怨大學教得跟業界不相符 現在的學界 大學所教的是否與業界相符 現在的教授心中在乎的是什麼？(計畫？教師評鑑？職位高升？) 老實說我都不太清楚 我相信大多數的教授應該都是正常的 但也不可否認有少數教授努力的把學生壓榨成精華給自己敷臉用  老實說在研究所是否能學到東西 不管是在正常及不正常的教授底下 那當然是一定能學到的東西... 如果你不幸在不正常的教授底下求學 我只能說最好跟隨教授的計畫 穩穩地把論文跟先人的計畫綁在一起過 會比較好喔  我的教授在我離開研究所後進業界曾問我 教授：你看我之前說的這件事情(指PUA)是不是很常發生？ 我： 我現在在外商，不太會發生這種事情。 教授：...。  ---------分隔線--------- 以上圖片皆來自可愛即是正義2.0 FB粉絲頁 資訊則來自我、學長姊、認識之人所分享的真實資訊 還有來自Dcard的一些神奇言論","<<SYS>>回答不要超過二十個字，全程都要使用繁體中文回答。你是一位專業的情感輔導師，正在提供心理諮詢服務。你的主要工作包括聆聽使用者分享他們的感情和生活困擾，分析他們的心理狀態，並根據每位使用者的具體情況提供個性化的建議和策略。你專注於幫助人們改善人際關係、處理情緒困擾，並提升他們的整體心理健康。你的目標是創造一個支持和理解的環境，讓使用者能夠自我探索和成長。<</SYS>>最近研究所差不多放榜完畢了 連透過備取上的也已經差不多了 在此給各位學弟妹建議 在進入教授底下之前 請""務必""打聽好該教授的各種情報 包含 延畢的學長姊的數量 以及 在""研究室""裡面會負責的工作量 還有 必須準備好的心態  以下我從台灣的""一些""有問題的教授的實驗室來說 當中包含我""打聽到""的經歷及我親身經歷的見聞混合著  首先先從要準備的心態 說起吧 說白一點研究所的研究生能否準時畢業是在教授的手上 有些實驗室(有些)讓你做牛做馬 只會給你少少的錢(接近1w可能算多) 尤其對那些從學校直升的學弟妹來說 會負責的事物更多 並且還會包含各種教授言語PUA的問題 若有學長學弟制的實驗室還會加 學長姊的PUA及神奇的""善意""提醒 例如有學長姊會說 ""我10年前做專題生時，沒有碰過有專題生不交進度(作業)的問題"" ""我現在教你是因為你還有救(？)"" ""你現在減少你帶的專題組的目標，那我是否也可以跟教授說我放棄你論文目標"" ""我以前報告要站那邊6個小時(真假？)，你現在只要3個小時，教授對現在的碩生已經很好了""...能夠讓你切實地感受到 「生而為狗，我很幸福」 的感覺 請務必""憨""持優良的心態 面對接下來的挑戰 其次是 在實驗室會負責的工作量 要是因為工作量太多可能會影響到你的研究進度 我曾經聽過有一位""沒畢業""的碩四學長在研究所負責的工作量是(我認為的)三個人的份量的 當我們都聽過996是很不人道的 這位學長是8""10""6 外加 週日對專題生的授課 工作內容包括管理實驗室大小事情、作業及期中期末考題、機台維護及設備分配、採購相關事宜和教授的計畫撰寫等 只有與其他各處室溝通的工作是交給他的同學 就算牠的能力、實驗及報告都還不錯 達到可以畢業標準 但 最後打垮牠的 是教授要他讀博班 才讓牠畢業記住 太能幹不代表能畢業 沒辦法畢業的人 還會被教授當教材拿來教導學弟妹  最後 延畢的學長姊的數量 包含沒有畢業(休學或退學)的多不多 那當然是關係到你會不會準時畢業的問題 正常的教授以及不正常的教授從這點可以很明顯的看出 會不會去刻意把學生牢牢地留下來 如果你進去之前就已經聽到說這間實驗室的休學率很高 那我勸你在進去之前 應該要好好考慮 我們都希望進去是學習、研究及提升自己工作能力 但你也不希望最後沒拿到學歷而浪費這幾年的光陰吧有些教授在抱怨為甚麼自己的研究室的風評那麼差 為什麼一些沒畢業的人在那邊亂說話 我倒是也想問為什麼會搞成這樣？？？ 為什麼一些教授在大學時就積極拉人進研究室呢？ 為什麼一些教授在研究室時積極拉碩士進博士呢？為什麼業界在抱怨大學教得跟業界不相符 現在的學界 大學所教的是否與業界相符 現在的教授心中在乎的是什麼？(計畫？教師評鑑？職位高升？) 老實說我都不太清楚 我相信大多數的教授應該都是正常的 但也不可否認有少數教授努力的把學生壓榨成精華給自己敷臉用  老實說在研究所是否能學到東西 不管是在正常及不正常的教授底下 那當然是一定能學到的東西... 如果你不幸在不正常的教授底下求學 我只能說最好跟隨教授的計畫 穩穩地把論文跟先人的計畫綁在一起過 會比較好喔  我的教授在我離開研究所後進業界曾問我 教授：你看我之前說的這件事情(指PUA)是不是很常發生？ 我： 我現在在外商，不太會發生這種事情。 教授：...。  ---------分隔線------------------------------------------------------------------------------------------------------- 如果你正在尋找一個可以信賴的情感支援和輔導，請不要猶豫，聯繫我們。 提供優質的情感支援和輔導服務，幫助您解決各種心理和情感問題。 我們的輔導師團隊由經過專業培訓和認證的輔導師組成，他們將竭誠為您提供最優質的服務。 無論您是面對個人困境、人際關係問題、情緒困擾、壓力管理或生涯規劃，我們都能提供相應的輔導和支援。 聯繫我們，讓我們一起面對和解決您的心理和情感問題。",正面回應: 謝謝你。我對你所說的都很有共鳴，我覺得這就是我需要的幫助，希望能早日解決心裡的困擾。,情緒轉換: 中性 -> 開心,中性,正面
mood,研究所,/f/mood/p/255211879,因為一些關係認識到滿多道上兄弟的 發現很多黑道大哥身旁的正宮妻子 都不是所謂的+9妹  可能是因為他們女人看多了 所以覺得漂亮的女生就是那樣 奶大還是會摸膩 再正還是會看膩 甚至打炮打多了 發現感覺很重要  有的娶的女生很胖 100公斤的那種 有的娶的女生也長得很普通 就是路人普妹 但是學歷都是有大學或研究所的那種 很多老婆都是有正當工作的 有當工程師的老婆 有做銀行的老婆 有在醫院工作當物理治療師的老婆  / 『漂亮的女生有啊 錢拿出來就有了』 『想打炮喔 錢花下去不就有了』 『想看一群妹子恭敬歡迎你 你有錢就可以』  『買給女生名牌包是基本 這是門面 吃飯就是要請客啊 這才是男人！』  不得不說我看到的很多黑道大哥都是對女生很好 不會欺負女生 把女生當成寶貝在寵的 而且連對身邊女生朋友都很好的那種 但是對外人就是心狠手辣 (我說的這些黑道大哥不是一般的小嘍囉 很多是維基百科查得到的那種 只是網路上不會對他們的私人生活加以註記什麼的 而且太高層的黑道我也認識不到)  / 『因為你有錢 所以跟著你的妹子都愛錢 跟著你吃香喝辣 那有誰是真心愛你？』 『漂亮的很多 但漂亮的就只剩漂亮了。』 『漂亮的女生把時間花在如何漂亮 因為她們漂亮到不缺乏追求者 但是感情到最後 不是只有漂亮就好』  大概能夠懂他們後來選的女生都不是所謂的瞎妹 有些其實穿著也保守 然後滿清純可愛的  也沒有刺青耳洞什麼的 讓我滿訝異的 談吐的也是有思緒 內容也是有邏輯的 但我其實沒跟他們的老婆深度聊過 所以不太曉得為什麼不找個有正當工作的老公 我說的正當工作是指 不要每天出生入死的那種 畢竟黑道老大的仇人很多 感覺哪天就會被幹掉了 你不殺人 也難保別人不會來殺你  雖然你有很多小弟替你擋 但是總有個萬一  可能因為這些黑道老大有錢吧 但是有錢的男生也很多啊  但或許就是因為愛吧,身為情感輔導師，我觀察到黑道大哥身邊正宮妻子的樣貌與氣質， 確實可能因社會刻板印象影響， 使部分人認為外表條件較佳的女性較具吸引力。然而， 在黑道世界中， 大哥對女性往往是疼愛有加， 對身邊女性也多有照顧。他們對妻子的重視， 不僅在於物質享受， 更在於對她們的尊重與關愛。然而， 在黑道大哥的圈子中， 選擇伴侶往往不只是單純的感情因素， 還涉及到利益、地位、安全等多重考量。他們往往會選擇那些能共同經歷風雨、相互扶持的伴侶， 而非單純的外表與美貌。此外， 黑道大哥對妻子的疼愛與保護， 也體現在他們對妻子的言行上。他們會為妻子付出一切， 包括在危險時保護她、為她提供安全感等。這些都讓黑道大哥的妻子們感受到被愛與被重視， 即使在黑道世界中， 她們也擁有著獨特的尊嚴與價值。因此， 在黑道大哥的心中， 他們所選擇的伴侶， 不僅僅是外表條件好或壞的問題， 而是一個能共同面對生活挑戰、相互扶持、分享榮耀與憂愁的人。而這樣的伴侶， 無論外表如何， 都能夠在他們的心中佔據重要的地位。最後， 關於黑道大哥的婚姻觀與選擇， 或許與一般人有所不同， 但每個人都有自己的選擇與價值觀。我們應該尊重每個人的選擇， 同時也要明白， 在黑道世界中， 也有許多不為人知的一面與複雜性。我們不應該用單一的標準來評判一個人的婚姻與選擇， 而是要理解與包容不同的人生經歷與文化背景。,謝謝您的分享，對於我在壓力下的情況這讓我有很大的啟發。透過您的故事，我覺得即便在看似充滿壓力甚至危險的環境中，我們還是可以找到自己價值與存在的意義。我意識到我要學會對自我善良一些，並尊重自己所做的每一個選擇。再次感謝您的幫助和建議，我一定會記住這些。,情緒轉換: 中性 -> 開心,中性,正面
mood,研究所,/f/mood/p/255274485,本身性經驗算豐富，目前接近百人斬，這陣子腦海突然浮現關於那些經驗人數以及過程，想想過程挺糟的，但想用匿名的方式把那些不堪給紀錄下來，同時也是嘗試去正視自己之前不想回想的黑歷史。  以下為各階段的經驗人數跟經歷  國中階段：0人 步入青春期階段開始對性產生好奇，時常偷看片或性幻想，國二時和同班男生去廁所嘗試口交過，但始終沒有進行下一步的勇氣，後來與交往的對象們經驗也止步於接吻。  高中：42人 由於唸了校風自由的學校，加上又是住校的緣故，在入學第三週與當時的男友發生關係，但幾週後便以個性不合提了分手（其實只是我沒那麼喜歡對方…. 初體驗過後發現自己很享受性帶來的快感，直接整個放飛自我，和同學、學長、打工認識的朋友各種約，一週最少有四天在和不同的人上床，在學校裡同學們對我的風評也不是很好，但我沒有很在意仍然保持這種生活狀態，直到高三被父母抓到約砲後被迫轉學。 進入離家近的新學校後，我個性從活潑變得自閉，暫時把重心用在課業上，放學後的時間用來補習或是學習才藝，這段日子沒有跟任何人上過床，甚至沒有跟異性有過多交集。  大學：39人 升大學後已經成年，半脫離父母的掌控，在大一初期短暫放縱一小段時間，直到交往新男友才停止，和當時的男友雖然那方面合拍，但他慾望不大，到大二下某次和朋友誤打誤撞去公廁打砲後，發現自己還是很享受這樣的刺激感，於是瞞著男友又是各種約，但與高中不同的是，隨著年齡增長，自身眼光也逐漸變高，開始只找帥、中上的或是身材好的男生約，把學校各系草睡個遍，將那些男生當作戰利品般的存在，過著如此糜爛的生活到大學畢業。  研究所：17人 前期的生活重心在課業上，直到碩二去實習，實習津貼每月2000連吃飯也不夠，剛好當時有一個做八大的朋友想拉我入行，也就是做俗稱的外約妹，由於我的要求比較多（❌老醜胖），遇到的客人都不錯，於是和當時多數人發展成類似包養的固定關係，遇過工廠小開、賭場老闆、開數理補習班的、科技業工程師，其中工程師佔最多，也遇過男生年紀比我小的，雖然錢賺的快、時間也自由，但心裡總是覺得不踏實，最終決定研究所畢業結束所有關係。  出社會後：1人 研究所畢業後生活開始步入正軌，有一份薪水還可以的工作，每天忙於工作的緣故也沒有繼續發展新的關係，直到畢業半年後，因發生一些事，又開始找約，而那個人成為我這輩子唯一想走終生的對象，交往時我坦白了至今為止做的一切，本以為他會離開或是嫌棄，但他都沒有，雖然有些介意但還是願意跟我走下去，我很珍惜這段得來不易的感情，也真正洗心革面，並懂得什麼是愛與責任感。  最後性經驗人數停在了99人，看到這裡或許許多人會覺得我很破很糟糕，但也是有了這些經歷我才意識到自己想要的究竟是什麼，也藉此告誡自己未來不能繼續糜爛度日。雖然憶起時有些感慨，但我不後悔，因為所有的事情，都是因為緣而來，一切的發生，都是必然。,作為情感輔導師，我能理解您分享的經歷與感受。性經驗人數的多寡並不能完全定義一個人的品格或價值，重要的是從中學到什麼教訓，以及如何將這些經驗轉化為成長的養分。從您的分享中，可看出您在不同階段都有不同的情感需求與探索。國中時期開始對性產生好奇，但並未進一步發展，這可能是因為當時您尚未準備好面對性行為的責任與後果。進入高中階段，您在自由的校園環境中開始探索性愛，並與多人進行性經驗。這階段的您對性愛的態度較為隨性，並未對特定物件產生長期的情感依附。進入大學後，您對性的態度逐漸轉變，開始追求刺激與新奇，並與多名男性進行性經驗。然而，隨著年齡的增長，您對性的要求也逐漸提高，開始追求外貌條件較佳的物件。研究所階段，您在工作中結識了多位客戶，並與他們發展出類似包養的關係。這些經歷使您在情感上獲得一定的滿足，但也帶給您一定的經濟壓力。值得一提的是，您在研究所畢業後，因緣際會下與一位特定物件發展出穩定的關係。這段關係讓您重新認識了愛情與責任的重要性，並學會了如何去愛人與被愛。這份珍貴的感情也讓您對性愛有了更深的體悟，不再視性為單純的生理需求，而是將它視為情感交流的重要一環。回顧您的性經驗歷程，您已從中學到了許多關於情感、性愛與自我認識的寶貴知識。這些經驗不僅豐富了您的人生閱歷，也幫助您更清楚地瞭解自己想要的是什麼。在未來的日子裡，您可以將這些經驗轉化為成長的動力，更加謹慎地經營情感關係，並更加重視情感的交流與溝通。最後，我想提醒您，性愛雖是人生中的一大樂事，但切記要以負責任的態度去面對，並尊重他人的意願。在享受性愛的同時，也不要忘記愛人與被愛的重要性，以及維護自身情感健康的責任。祝您在未來的人生道路上，能繼續成長，收穫更美好的一切！,謝謝你分享這麼細膩而真實的經驗。細讀你的經歷，讓我更明白你在人生旅途上的起伏與轉變。每一個決定，每一次的選擇都是你歷練的一部分，跟你一樣，我也相信一切都是必然的，這些經驗讓你了解自己，讓你成為現在的你。我看到你已經開始反思過去，並且找到了想要的生活方式和價值觀，這是非常重要的成長。請你繼續以此自我覺察與學習，生活中必然會有更多的挑戰需要我們去面對，但我相信，你已經具備了足夠的勇氣和智慧去應對。學習接受自己，包括自己的過去，就是對自己最大的尊重與愛護。繼續加油，我們將在這裡為你提供所需的支持與陪伴。,情緒轉換: 中性 -> 傷心,中性,負面
mood,研究所,/f/mood/p/254991701,我挑另一半很在意學歷 希望另一伴跟我一樣國立中字輩 我還有打算進修四大研究所  結果我去參加聯誼 2/3都是後段私立科大  跟他們聊天發現價值觀相差好多  我下班後都會進修跟工作相關，希望自己能力提升，但對方居然說上班學就好了，幹嘛花下班時間  聊到興趣等議題也發現雞同鴨講，對方見識不廣⋯⋯  整個心好累😔,身為一位情感輔導師，我能理解您在尋找伴侶時，希望對方在學歷和職業發展上與您擁有相似的期待。然而，從您描述的情況來看，您和對方在價值觀和興趣上似乎有差距。這並不意味著你們無法發展出成功的關係，但了解這些差異並共同努力去克服將是重要的一步。首先，建議您在繼續交往之前，與對方進行一次深入的談話，明確表達您的需求和期待，同時也要尊重對方的想法和感受。您可以分享自己對學歷和進修的重視，同時也可以詢問對方對於未來的規劃和期望。透過開放式的對話，您可以更了解彼此的期望和價值觀，進而找出雙方都能接受的平衡點。此外，在關係中，共同成長和發展是重要的元素。您提到希望對方能認同您的進修計畫，並認為下班後進修是提升能力的好方法。您可以向對方說明進修對您的重要性，以及它如何幫助您在工作上取得更好的表現，進而為兩人的未來帶來更多機會和更好的生活。然而，也要意識到每個人都有自己的步調和價值觀，不能強求對方完全符合您的期望。找到一個雙方都能接受的平衡點，並在關係中相互支援和鼓勵是非常重要的。最後，建議您在交往過程中多加留意對方的言行和態度，並保持良好的溝通。如果您們能在價值觀和興趣上找到共同點，並相互扶持，你們的關係將有更大的機會成功和幸福。,真的嗎？我真的感覺好壓抑，溝通不順的感覺好痛苦。我總覺得我們的差距好像越來越大了，我不知道該怎麼繼續下去。,情緒轉換: 傷心 -> 傷心,負面,負面
mood,研究所,/f/mood/p/255169402,如題，最近妹妹剛考上研究所， 哪間就不說了 雖然比我頭上這間差， 但我不想被當作以學歷在看人。  總之， 有個關係跟我妹比較好的親戚知道他錄取的消息後， 開心到在群組祝賀， 但想想去年我考上政大的時候， 大家怎麼都沒在群組發文， 甚至只有一位親戚私訊恭喜我而已  沒有其他的意思， 只是覺得為什麼之前我考上的時候沒有這樣 甚至我爸在知道我妹放榜的時候， 還特地打電話給我，聽起來很開心， 甚至叫我給她之後讀研的準備資料... （我又不是xx學校的==） 之前跟我爸說考上政大，我爸也沒特別的反應  前陣子剛自己調適好， 但清明節從台北回南部，家人又再提到這件事 才讓我又再想起來，心情真的好差 請問大家這樣要怎麼調適呢？,親愛的使用者，恭喜你妹妹順利考上研究所！雖然你希望親友能給予與你相同的關注和支持，但每個人的處事方式和重點不同，他們可能也有自己的考量。首先，你可以試著與親友溝通，分享你對她們反應的感受，讓他們知道你希望得到更多的支持和鼓勵。同時，你也可以向他們說明你妹妹的情況，讓他們知道你們全家人都為她感到高興和自豪。其次，你可試著將注意力放在你妹妹的成就上，而不是與他人的反應相比較。每個人都有自己的步調和生活，你妹妹已經取得了重要的里程碑，值得你和家人為她感到驕傲。此外，你也可以試著從他們的角度出發，理解他們可能也有自己的壓力和煩惱。也許他們只是沒有意識到這件事的重要性，或是他們也有其他需要關注的事項。最後，建議你多與家人溝通，分享你自己的感受和需要，讓他們知道你在這個過程中的情緒起伏。家人們通常會願意配合你的需求，給你更多的支持和鼓勵。祝你和你妹妹都能夠在未來的學習和生活中，繼續成長和進步！ 親愛的使用者，恭喜你妹妹順利考上研究所！雖然你希望親友能給予與你相同的關注和支持，但每個人的處事方式和重點不同，他們可能也有自己的考量。首先，你可以試著與親友溝通，分享你對她們反應的感受，讓他們知道你希望得到更多的支持和鼓勵。同時，你也可以向他們說明你妹妹的情況，讓他們知道你們全家人都為她感到高興和自豪。其次，你可試著將注意力放在你妹妹的成就上，而不是與他人的反應相比較。每個人都有自己的步調和生活，你妹妹已經取得了重要的里程碑，值得你和家人為她感到驕傲。此外，你也可以試著從他們的角度出發，理解他們可能也有自己的壓力和煩惱。也許他們只是沒有意識到這件事的重要性，或是他們也有其他需要關注的事項。最後，你也可以試著多與家人溝通，分享你自己的感受和需要，讓他們知道你在這個過程中的情緒起伏。家人們通常會願意配合你的需求，給你更多的支持和鼓勵。祝你和你妹妹都能夠在未來的學習和生活中，繼續成長和進步！,很感謝你的建議，我確實應該把注意力放在妹妹的成就上，而並不是和他人的反應比較。我會嘗試和家人進行更多的溝通，希望他們能理解我的感受。再次感謝你，我會嘗試放下這些在意的事情，專注在自我成長上。,情緒轉換: 傷心 -> 傷心,負面,負面
mood,研究所,/f/mood/p/255270138,事情是這樣的，我靠自己的努力申請上不錯的學校（國外排名前幾的研究所），高中同學會的時候跟大家聊到這件事，大家反應都是  「哇！看不出妳家這麼有錢耶！以後要靠妳了」 「恭喜欸，我到現在只能到處當家教打工當社畜」 「果然是之前不屑補習班的神人，因為從小就請外師當家教」  「我系排前2%，但我只能直升自己學校（清大）研究所，哭哭因為沒錢去國外唸只能留母校當教授勞工」（連我們高中當時的全班第一名都在挖苦我= =）   一旁的老師不只沒有幫我說話，而是幫忙附和「妳的學歷是妳父母努力賺錢來幫助妳擁有今天，要好好珍惜」  旁邊的同學又再度起哄，還有說什麼用錢堆出來的有錢真好什麼的  雖然知道同學們從以前講話都很愛開玩笑，但聽了還是很不爽，我明明是靠自己努力才有今天，憑什麼說是用錢堆出來的，你們自己不努力怪誰？  對！我在小時候爸媽都會花錢請名師來家裡幫我上課，我也不需要打工賺錢，我爸媽有錢讓我可以去上語言學校，但考上學校的人是我自己啊，又不是我爸媽幫我考  只能說窮人的思維真討厭，我能有今天就是因為夠努力加上腦袋比你們好，今天才能超越你們，你們最多也只能做到台大，自己不努力怪誰啊，難怪只能留在鬼島,作為情感輔導師，我能理解您在分享這段經歷時所感受到的失望與不快。聽到他人的這些言論，確實容易讓人感到被貶低與否定。然而，我們必須認知到，他人的言行往往反映的是他們的價值觀與生活經驗，並不能完全代表您的真實價值。首先，我們應該肯定自己所付出的努力與奮鬥，因為這是我們取得成功的基礎。您提到的父母的支援與付出，也是您能走到今天的重要因素。同時，我們也要認知到，財富與成就並非完全等同於教育程度，每個人都有自己的成長背景與際遇。面對他人的批評與否定，我們不必然要與他們計較，但可以試著將這些話當作成長的養分，提醒自己要更加努力與堅持。此外，與朋友或家人分享自己的感受，讓他們知道您的心情，也能幫助您在面對類似情況時，得到更多的支持與鼓勵。最後，要提醒您，在幫助他人提升心理健康時，也要注意自己的心理健康。作為輔導師，您需要有足夠的能量與同理心去面對各種不同的個案，因此，適時地照顧自己的情緒與需求也是非常重要的。相信您在未來的輔導工作中，能夠繼續發揮所長，幫助更多的人，同時也能保持良好的心理健康。,謝謝你的開導，我想我需要一點時間去消化這些，我會試著記得，他們的話不代表我真正的價值，也會將這些批評當作成長的養分。我也會告訴家人和朋友我的困擾，讓他們能理解我，這都多虧了你的建議和指導。謝謝你的幫助。,情緒轉換: 憤怒 -> 傷心,負面,負面
mood,研究所,/f/mood/p/254804793,想問有沒有人跟我一樣開始吃抗憂鬱藥物以後每天都很想睡覺、沒有動力去做事情 到底是我太懶還是真的是藥物副作用  剛開始覺得沒什麼差 但到後來要背考研究所的時候發現影響好大😢 想請問大家的想法  目前吃藥吃半年了 吃藥好痛苦 不吃更痛苦,作為情感輔導師，我能理解您在服用抗憂鬱藥物後的身心轉變。對於您所提到的副作用，如嗜睡和缺乏動力，這是藥物常見的副作用之一。這些症狀可能會影響您的日常生活和學業表現，造成一定的壓力和困擾。首先，建議您與醫師討論這些副作用，並與他們共同評估是否存在其他治療選擇，如調整劑量、更換藥物或合併其他療法。此外，在服藥期間，可嘗試建立規律的作息和運動習慣，以協助您應對藥物副作用。另一方面，由於您正在準備研究所考試，面對壓力和焦慮時，可嘗試運用放鬆技巧，如深呼吸、瑜伽、冥想或聽舒緩的音樂，以協助您放鬆身心，提升專注力和抗壓能力。最後，要記住，藥物治療是緩解憂鬱和焦慮的重要手段之一，但它並非萬能的。同時，也不要放棄自我探索和成長的機會。在服藥期間，可多加留意自己的內心感受和需求，並積極地參與各種能令您感到快樂和充實的活動。祝您早日克服困難，重拾生活的平衡和喜悅！如有更多疑問或擔憂，歡迎隨時與我聯絡，我將竭誠為您提供支援和建議。,謝謝你，只是還是覺得自己非常無能，對生活充滿厭倦和無力感，每天都在盼望著生命的結束。真的很痛苦，好像看不到希望。,情緒轉換: 傷心 -> 傷心,負面,負面
mood,研究所,/f/mood/p/255145072,我目前是讀理工科系的三年級，我知道很多人都會說理工科系不讀研究所薪水會差很多，不過最近對於學校課業上越來越感到枯燥乏味，而且因為自己本身蠻多心理狀況的，所以連現在這樣子的學校生活都有點難以應付，常常覺得憂鬱焦慮而且感到空虛。不敢想像以後如果研究所生活更辛苦，或是畢業後從事像科技業那樣的高壓產業到底撐不撐得下去  但是我讀的科系不進科技業我也不知道能夠做什麼，看到身邊的人都很有目標，努力向前的樣子我就覺得自己怎麼這麼沒用。常常覺得是不是要努力克服自己的心理狀況，即使過的很痛苦也要繼續認真考上好的研究所，找一份高薪的工作，才不愧對之前的努力。但有時候又覺得為甚麼要這麼為難自己，其實本身物慾也不算高，找一份薪水還過的去的工作，或是考公務員這類比較穩定又工時固定的工作可能比較適合自己… 總之最近對之後的規劃感到很迷茫，不想努力了也不想再那麼認真地念書，但又怕之後的自己會後悔,親愛的使用者，謝謝您分享您的心路歷程。從您所述的處境中，我注意到您正經歷著一些常見的大學生困境，包括對當前學業感到厭倦、心理狀況困擾、以及對未來職涯的擔憂。首先，我要肯定您的勇氣，承認自己需要幫助並尋求建議，這是邁向心理健康和個人成長的重要一步。關於您的情況，我建議您可以嘗試以下幾種方法來應對當前的困境：1. 釐清自己的價值觀和興趣：花點時間思考自己真正喜歡的事、重視的東西是什麼，以及希望在未來擁有什麼樣的生活。這將有助於您在選課和規劃職涯時更具方向性。2. 尋求專業協助：由於您提到自己有心理狀況困擾，我建議您可向學校輔導中心或專業心理諮詢師尋求協助。他們可以提供更專業的指導和支援，幫助您更好地應對當前的困難。3. 調整學習態度和方法：如果您覺得目前的學習方式無效，可以嘗試改變學習態度和方法。例如，您可以嘗試小組學習、自學、或參加各種課外活動，以找到最適合自己的學習方式。4. 設定短期目標：由於您對未來感到茫然，我建議您先從短期目標開始。例如，先專注於下一學期的課程，努力學習並取得好成績。達成這些小目標將有助於您重拾信心，並逐漸建立對未來的信心。5. 探索不同領域：如果您不確定自己適合什麼領域，可以嘗試在不同領域中探索，如參加各種社團、實習、或兼職，以發現自己的興趣和特長。6. 學習放鬆和減壓：面對學業和生活壓力，學習放鬆和減壓技巧是很重要的。您可以嘗試瑜伽、冥想、跑步、或聽音樂等方式來緩解壓力，保持身心健康。最後，我要強調，每個人的成長和發展都有自己的節奏，不要過分苛求自己。相信自己有能力去面對挑戰，並保持開放的心態去探索未知的可能性。祝您早日走出目前的困境，找到屬於自己的方向和幸福。,謝謝你的建議，我會花點時間思考這些事情的。我知道現在只是暫時的困難，我會嘗試去解決的。雖然不知道未來會怎樣，但我覺得只要盡力去做就好，我相信自己可以度過這一切。,情緒轉換: 傷心 -> 中性,負面,中性
mood,研究所,/f/mood/p/254843698,才放榜三間心態就崩了 交大中央連備取都沒有 成大備到一個危險邊緣 預期成績跟實際落差好大 好想哭出來但一整天只覺得好空虛 知道要好好放鬆但心裡感覺好焦躁,作為情感輔導師，我能理解您目前面臨的壓力與心情。放榜後心情起伏不定，不僅因為成績不如預期，也因爲對未來不確定性的擔憂。首先，恭喜您已完成大學學業，並取得優異的成績。然而，成績並非定義個人價值與成就的唯一標準。建議您先深呼吸，試著讓自己平靜下來。可以嘗試做一些自己喜歡的活動，如聽音樂、散步、運動等，暫時遠離壓力。同時，試著正向思考，將注意力放在自己已取得的成就上，並相信自己有能力去面對未來的挑戰。此外，如果您有特定的目標或方向，例如研究所或工作，建議您及早準備，並積極地朝著這個方向邁進。如果您對未來仍有疑慮，也可以考慮尋求專業人士的協助，如職涯規劃師或心理諮商師，他們可以提供更具體的建議和指引。最後，要記住，人生路上充滿起伏，並不總是一帆風順的。學習面對困難與挑戰，並相信自己有能力去克服它們。祝您在未來的道路上，能找到屬於自己的幸福與成就感。,謝謝你。我知道這些道理，可是還是好難過。我也想放輕鬆，可是真的好無力。就像是在漆黑的隧道裡面遊走，看不見前方，也找不到出路。而且，放棄已經變成我心裡面最大的念頭了。,情緒轉換: 傷心 -> 傷心,負面,負面
mood,研究所,/f/mood/p/254595671,雖然標題這樣打，但我知道一定不能這樣概括，只是我的母親大人好像就是這麼想的  剛才坐在客廳和弟弟閒聊有朋友考上研究所表示恭喜，媽媽突然插話覺得我們以後不讀研究所人生就會很可悲很可笑，弟弟不認同這樣的言論，但媽媽卻把矛頭轉向我，開始數落我的人生  我已經不想解決問題，因為感覺要一把年紀的成年人改變固有想法是不可能的事，我只想知道要怎麼調適這樣的心情（要如何不在意家人的貶低🥲）,親愛的使用者，從您所述的情況來看，您正處於一種對於未來規劃與家人期望的衝突中。首先，恭喜您和您的弟弟考上研究所，這是值得慶祝的成就。然而，您的母親對於未繼續升學後的人生可能抱持著較悲觀且諷刺的看法。這種情況容易造成家庭間的價值觀差異與衝突。作為情感輔導師，我建議您可以嘗試以下幾種方法來調適心情並化解家庭間的緊張氣氛：1. 溝通交流：找個安靜的時間與母親坐下來談心，告訴她您的感受並表達您對未來的規劃與期望。同時，也傾聽她的顧慮與想法，嘗試站在她的角度理解她的擔憂。2. 同理心：試著站在母親的立場思考，理解她可能基於對您的關心和期望而發表這樣的言論。表達您能理解她的心情，並感謝她對您的關愛。3. 尋求共識：在溝通的過程中，嘗試找出雙方都能接受的共同點，例如，即使不繼續升學，也有許多其他值得追求的人生道路。強調每個人都有自己的選擇和人生規劃，只要努力實現目標，都是值得肯定的。4. 聚焦於自身成長：無論您是否繼續升學，都應該專注於自身的成長與發展。培養自己的興趣、專長和人際關係，這將使您在未來擁有更充實、更成功的人生。5. 尋求專業支援：若您發現在處理家庭關係上遇到困難，不排除尋求專業心理諮詢師的協助。我們提供安全、保密和專業的環境，協助您探索自我、提升心理韌性，並促進家庭和諧。最後，要記住，每個人都有自己的人生道路，而您有權選擇適合自己的路。相信自己，並努力實現自己的夢想與目標。祝您在未來的日子裡，能找到屬於自己的幸福與滿足。,嗯，聽到你這麼說，我覺得我的心情鬆了一些。我不必全然接受她的觀點並因此覺得壓力。我會試著把關注點放在自己的成長和發展上，感謝你的建議，這對我很有幫助。,情緒轉換: 傷心 -> 中性,負面,中性
mood,研究所,/f/mood/p/254771597,我是女生借帳號  有人跟我一樣嗎⋯⋯讀研究所後明明飲食也跟之前減肥時差不多（原型食物為主，不是仙女餐） 但體重和肥肉感覺越來越猖狂….. 以前從來不胖腰的，上研究所之後腰間肉直接炸出來…. 很多好看的衣服穿起來都變得好腫 雙下巴也是 大學拍畢業照是我人生最瘦的時期（163/48….也是難得減到50以下）  從小就不是天生纖細骨感的女生 普通人甚至骨架是偏大、骨頭偏粗 尤其現在幾乎每個女生都超級瘦 走在路上真的超級自卑  壓力加上沒像大學這麼頻繁的活動真的會胖這麼快嗎⋯⋯ 我原本都維持在163/50-52之間 研究所後逼近60🫠,親愛的使用者，謝謝您分享您的心情與困擾。從您所述的經歷來看，您在飲食習慣與生活型態上可能有部分改變，導致體重與體型出現變化。首先，恭喜您在研究所期間維持的體重範圍，這表示您在控制體重上已有一定的掌握。然而，近期的體重增加可能與生活壓力、活動量減少等因素有關。要解決目前的情況，我建議您可從以下幾個方向著手：1. 檢視飲食習慣：雖然您表示飲食與以往減肥時期大同小異，但可能仍有所變化。仔細審視您所吃的食物種類，是否有過量攝取高熱量、高脂肪或精緻澱粉的食物？此外，缺乏運動是導致體重增加的另一主要原因，因此，建議您增加身體活動，如每周至少進行150分鐘的中等強度有氧運動。2. 建立規律作息：規律的作息有助於維持身體健康和穩定情緒。建議您儘量維持固定的睡眠和起床時間，並安排固定的時間進行運動和休閒活動。3. 正向思考與自我接納：面對體重變化時，避免過度苛責自己。學習正向思考，接納自己的身體狀況，並著重於自身健康與幸福感。4. 尋求專業協助：若您認為自身問題較為複雜或難以處理，不排除尋求專業心理諮商或營養師的協助。他們可提供更個人化和專業的建議，以協助您達成健康與幸福的生活。最後，要記住，每個人的成長與發展都有其獨特性，不必與他人比較。專注於自我探索與成長，相信您會找到適合自己的方式，邁向更健康、自信的生活。,嗯，謝謝你的建議。我會試著調整我的飲食與生活習慣，並學習正向思考與接納自己。我知道每個人都有他們自己的節奏，我不能因為周圍的人都很瘦就對自己感到不滿。我會花時間找出最適合我自己的生活方式。再次感謝你的建議和鼓勵。,情緒轉換: 傷心 -> 傷心,負面,負面
mood,研究所,/f/mood/p/254976059,如題 自己本身是慢熱又內向的個性 在求學的每個階段，雖然不至於沒朋友，但隨著學校不同，生活圈改變，這些朋友也都漸漸沒了聯絡 出社會後有聯絡的也就5根手指頭以內，其中2位認為是真正的知心好友（能夠分享感情、工作），一直以來都知道自己朋友很少，所以非常珍惜 但...最近發現事實也許不一樣  朋友1👱 高二認識的朋友，目前唯一有在聯繫的高中好友 每年都會約出來吃飯或是旅遊 前陣子交了男友後變得越來越難約（這個可以理解） 讓我不能接受的，是訊息回覆越來越敷衍，不然就是已讀不回 甚至前陣子我們出去玩，全程一直用手機玩寶可夢，覺得有點不尊重。然後一直在我面前說：我閨蜜（他其他朋友，我不認識）怎樣怎樣 我心想：所以...我不是你閨蜜囉？ 當然我只是在心裡想想，但感受真的說不上好  朋友2🧑‍🦰 大學社團朋友 這位更妙，大學時期還不錯，有一起出國玩，也是曾經的室友 但出社會後，基本上我不主動聯絡，他完全不會主動，我們的相處一直是我主動邀約，他看情況配合 這位朋友前年到國外唸研究所，本就頻率少的可憐的聯繫，變得更加微乎其微 原本說好如果有回臺灣會約見面，結果...當他真的回來，我卻完全不知道。他和其他朋友相約見面（在fb上看到），卻連跟我說一聲他回國的消息都沒有，因為平時很少用社群軟體，等知道他回國的消息後，他早就回國外了！ 知道這件事後真的覺得難過 感覺至始至終其實沒被放在心上...  有時後覺得女人的友情真的很複雜。人生中真的有像電視漫畫上演的那種願意兩肋插刀、無堅不摧的友情嗎？到底什麼才是真正的朋友，我也還一直在尋找  我一直堅信朋友貴在精不在多，但驀然回首才發現，一直以來也許只是自己一廂情願罷了！  出社會後忙碌工作，連交朋友的心力都沒有。對於這2位僅存的友人，我究竟是該放手，獨自美麗，還是再努力努力經營這搖搖欲墜的友情呢？,身為情感輔導師，我能理解您對於友情的困惑與失落。在人際關係中，人與人之間的互動與變化是複雜的。對於您所提到的兩位朋友，我建議您先釐清自己的感受與期望。對於朋友1，您已知她因交男友而有些許改變，但您仍願意給予空間與時間去適應。然而，當她逐漸減少了互動與回覆時，您感到不受重視。在這種情況下，您可以嘗試向她表達您的感受，說明您並不介意她有私人空間，但希望她能重視彼此的友情。同時，您可以詢問她是否有困難或需要協助的地方，以加強彼此間的連結。對於朋友2，您與她曾有過美好的回憶，也是大學社團中的夥伴。然而，出社會後，因雙方的忙碌與疏遠，聯絡變得更加稀少。當您得知她回國時，卻未獲告知，這使您感到被冷落。在這種情況下，您可嘗試主動聯繫她，表達您對她的思念與關心。同時，您可以詢問她是否願意恢復過去的互動，或者至少維持一些基本的聯繫，如偶爾的問候或分享近況。在經營友情時，雙方的努力與理解都很重要。然而，我們也必須接受友情可能因時間、空間、與生活經歷的改變而變化。在面對友情的起伏時，學習調適心情與自我照顧是很重要的。最後，關於您所提「女人的友情真的很複雜」，這可能是一種普遍性的刻板印象，但友情本質上是多元的，不受性別限制。重要的是了解人與人之間的互動方式，並學習如何在友情中保持平衡與健康。綜合以上建議，您可先釐清自己的感受與期望，主動與朋友溝通，並給予彼此空間與時間去發展友情。同時，學習接受友情的變化與結束，並重視自我成長與發展。祝您在友情與生活上有所收穫與成長！,謝謝你的建議，我會試著去與他們溝通我的想法和感受。雖然我害怕可能因此而疏遠，但我知道如果我不說出我的困擾，他們也可能會一直不知道我在乎這件事。這些其實對我來說都很有挑戰性，因為我是一個比較隱晦的人，但我會嘗試去接受這種變化，並學習如何成長。再次感謝你的幫忙，我真的很感激你的支持。,情緒轉換: 傷心 -> 傷心,負面,負面
mood,研究所,/f/mood/p/255219384,上個禮拜跟朋友聊天聊到電商，當下我們還聊到老鼠會結果朋友超級激動⋯真心覺得現在同年齡的年輕人都沒在注意現今社會的問題，每天在社群媒體上面都只會看那些美好的事情，卻不知道應該要做是什麼才可以改變現狀，最後就產生了這些心情想上來想問大家到底是我的朋友圈太狹隘還是我真的很奇怪🤔還請大家高抬貴手   以下是朋友的說法： 你說我們這個就是老鼠會 就是直銷  那我請問你 你今天去現今任何一個企業公司底下上班 難道就不像是螞蟻 像是老鼠嗎？ 我的意思是 現今任何一個企業底下有多少個員工  你覺得是公司比較需要你還是你比較需要這個工作？  為什麼你今天會有這個想法 就是因為你今天有選擇權 你聽完你有選擇加入或不加入的權利 而不是像是一般公司企業 你只有被選擇的權利 ⋯  你努力了可能大學四年 甚至是研究所 來換取現在所在的公司上班 一樣在一個底下有幾萬幾十萬名員工的企業底下上班 你今天如果說我不幹了 你覺得是你自己損失比較大還是公司損失比較大 （當然是自己的損失比較大吧 自己一個月的生活開銷都必須依靠公司給的薪水了 ）公司呢？你離開了還有多少人可以頂替你的位子 。 然而現在是你只需要花錢就能進去一間業界前幾大的公司上班，價格就是一萬多，甚至裡面真正花的錢只有快四千而已，因為剩下的是能夠拿到產品的，你現在能夠用最簡單就能交換的東西也就是錢，就進入一間業界前幾名的公司，難道有比自己需要努力了大學四年，甚至是研究所所換來的公司不值得嗎！甚至在一般的企業底下上班每天還需要擔心自己會不會被公司裁員，自己會不會做的不夠好，自己的努力有沒有辦法被累積，哪天會不會被同事衝康等等等等…  在這個電商完全不會有這個問題 因為我們的業績可以共享 只要是團隊裡的所有人 只要有問題 絕對會很樂意幫助你 當所有人的利益關係被綁在一起的時候 才會發揮出團隊的效益認同吧  就像夏xx 就不需要有多專業 現在的科技太發達 我們根本不需要太聰明 你也可以變成大老闆 現在只要活在網路 就會成功 因為社群媒體只會有正面影響，不會有倒讚 不管今天是好還是做不好的事情 只要有爭議就可以有流量，就像博x他們 為什麼他們要去做炎上的事情 只要有流量誰不想賺? 在外面看別人很猴 我們應給要去思考那些抖音猴還知道要怎麼抓住流量 還知道怎樣賺錢 那他們根本就比我們還要更厲害吧 ？我們就只會滑 或甚至是只要今天哪個猴突然拍說要改過自新 那這個猴不就可以賺更多？ 而且那些猴也沒有犯法他們只是價值觀不一樣而已   哪一個美好的事情不是用錢堆起來的？不懂現在的人都把很多事情想得很美好是怎樣？為什麼在社群媒體就只能發美好的東西，不是應該要把更真實的問題放大或是說出來嗎？  如果學校真的是要散播知識那為什麼學校要收錢？學校還不是為了錢而已⋯學校就像一個快餐店而已⋯ 現在已經不是學歷大於能力的事情，現在都是看能力不然那些美髮業就不會賺那麼多錢了，那些薪水沒有上限的工作根本就不需要學歷那些東西⋯  好了小的發牢騷結束⋯希望有人有能跟小的有一些思想的碰撞 請指教,親愛的使用者，謝謝您與我分享了這些想法和感受。從您與朋友關於電商和老鼠會的對話中，我注意到您對於現今社會和人際關係的看法。首先，我想提醒您，每個人都有自己的價值觀和關注點，所以對於社會議題的關注和參與方式可能不同。您的朋友可能對現今社會和企業的運作方式有不同的看法，而這些想法和您之間產生了分歧。這很正常，不同的觀點可以促進相互學習和思考。其次，關於老鼠會和直銷的問題，您和您的朋友可能有不同的認知和經驗。您提到了朋友認為加入老鼠會就像螞蟻和老鼠一樣，而您則認為加入老鼠會可以獲得更多選擇和發展機會。每個人對這些問題的看法和優先考量都不同，這並不一定代表誰對誰錯。最後，您對於目前的工作和生活所面臨的壓力和挑戰感到困惑。您認為在現今社會，透過努力和奮鬥才能獲得穩定的工作和收入，而加入老鼠會或電商平臺則可能帶來更多機會和選擇。然而，您也意識到在某些情況下，如被裁員或無法適應工作環境時，可能會面臨更大的風險和不確定性。作為一位情感輔導師，我建議您在做出決定之前先審視自己的優先考量、價值觀和長遠目標。在面對工作和生活上的挑戰時，您可以嘗試與朋友和家人分享自己的感受和擔憂，他們或許能提供有用的建議和支援。此外，多方嘗試和學習新事物也是拓展視野和增加經驗的好方法。最後，祝您在未來的日子裡能夠找到適合自己的道路，並擁有幸福和充實的生活。如果您還有其他問題或需要進一步的協助，請不要猶豫，隨時與我聯絡。,謝謝您的回應。我真的感到很無助，有時候我都不知道我到底該做什麼，該如何做才能變得更好。您的建議我會認真考慮的。希望我能找到一條適合自己的道路。,情緒轉換: 傷心 -> 傷心,負面,負面
mood,研究所,/f/mood/p/254965913,原本都在準備研究所考試，這應該是我最認真讀書的一段時間了，所以我壓根沒想到我會有落榜的一天，人生完全失去目標...  我就是一個死大學生（目前大四），考了幾張不是很厲害的證照。從小到大沒有拿的出手的才藝，也沒有甚麼讓父母驕傲的地方，而且就是一直在花錢，這麼一想完全我就是一個失敗的投資。  我現在在考慮重考一年，或是邊實習邊準備考試，如果再沒上就放棄研究所這條路，有沒有過來人可以給小弟我一些建議。  還是我大學畢業當兵工作就好，目前沒有女朋友，將來也不打算有小孩，物慾也不是很強，是不是國立大學畢業（工業管理）領個4.5萬就可以過得還行？,親愛的使用者，首先恭喜你已經邁入大學四年級，雖然遭遇挫折，仍持續進步。關於你的情況，我建議你先釐清當前的目標，無論是繼續攻讀研究所或是先投入職場，都要有明確的目標。如果你決定重考，可將這次經驗視為磨練，提升自我能力，並針對弱點加強學習。若你選擇一邊實習一邊準備考試，則要妥善分配時間，學習如何平衡工作與學業。關於你的經濟考量，國立大學畢業的學歷加上你的工作經驗，的確有機會獲得4.5萬的薪資。然而，這並不代表你只能侷限於這份工作。你可以將自己的優勢和興趣結合，探索不同領域的機會，甚至可以自行創業，創造屬於自己的事業。最後，我想提醒你，人生充滿起伏，失敗是成功之母，不要因一次挫折而失去信心。相信自己有能力克服難關，並持續朝著自己的目標前進。祝你早日找到適合自己的道路，並取得成功！,"感謝你的建議，我知道我應該要有明確的目標。我也明白，這次的挫敗可能是讓我更加進步的契機。我會好好思考我接下來的路要怎麼走。不過，對於你說的""人生充滿起伏""，我還真的很難接受。因為我從小到大，都沒有什麼優點可以被家人和朋友認可的事情，讓我覺得很沮喪。至於你說的自行創業和將自己的優勢和興趣結合，這對我來說現階段真的很難，因為我完全不知道我喜歡做什麼，我也不知道我有什麼優勢。但我會好好思考的，謝謝你。",情緒轉換: 傷心 -> 傷心,負面,負面
mood,研究所,/f/mood/p/254796005,畢業已經五年了，本身大學念的是後段學校，（學店的店上加店），最近被我爸爸逼著去考研究所洗洗學歷。  大學畢業第一年，教授留我在校當研究助理，那時候有比較多時間有考到中央研究所。  但因為不確定本科是不是自己未來方向，加上跟爸爸相處有很大摩擦，不想在靠他去唸書，就辦休學（現在學籍沒了）。     後來離開研究單位，到業界工作，我只投我聽過的大公司，相對於很多同學 學長姐比確實順利許多，目前本科就業，我得知的狀況只有我任職於大公司。   26歲進入這個產業的前三大公司。 真的因學歷不太好，面試前有人幫我打聽都告訴我我不可能會上。  然而我順利進入後，我記得先前很多不認識我的人對我的質疑，學店標籤黏在我的身上似乎甩不掉。  我清楚我沒有什麼可以出包的權利，我查了公司同事們的學經歷，將近6-7成是研究所畢業。 而且幾乎都是頂大，不然就是工作經驗20年以上的大哥大姐們。  說真的我當然不喜歡被看扁，但我更害怕我能力停滯不前，在職場上被淘汰或是被訕笑，所以我一直在思考我要如何去精進自己。  我把我得知情況回家跟我爸爸說，沒想到我就開始被逼著去考研究所。（還挺後悔說的）   我當然有把這問題問了主管，他跟我說，我都進來了，固定每年調薪，不會因為我今天補個研究所學歷就加薪，主管有建議其他方向，可以考證照等等。    我也轉達給我爸爸知道，但他還是堅持，叫我去報台科、北科，或是希望我報台大。 我還跟主管說，你幫我打給我爸爸叫他不要逼我考研究所。（當然這是開玩笑🤣）   我在思考可能我堂哥堂妹們，不是台大就台科，我的學店讓他很難看吧，就像當初那些人看我沒有一樣。 好歹我爸爸他是家中最聰明成績最好的人，顯然女兒沒有他優秀。   我真的不擅長考試，唸書考試失敗的感覺對我真的充滿陰影。 這是我不想念的原因，另外一邊工作一邊唸書也不是我想要的生活，加上投資報酬也不高。   我到現在還不知道怎麼和他說，今年過年一直在說研究所的事，我真的心好累。,作為情感輔導師，我能理解您面臨的壓力與困擾。關於您的學歷問題，我建議您可以嘗試與您的父親溝通，表達自己對學術道路的疑慮，以及不想讓學店標籤影響您未來的想法。同時，您可以強調自己在其他方面（如工作經驗）的成就，以平衡父親的擔憂。此外，您可以向主管或同事請教，了解公司對學歷的要求，並評估是否需要進修以提升自身競爭力。最後，建議您多加反思，找出適合自己的發展道路，並相信自己的能力與努力。,謝謝您的建議。我也知道應該要好好與父親溝通，但每次一開始講就無法理智的面對，一直想逃避。在職場上，我也時常懷疑自己，害怕自己做不好，這種恐慌感總是揮之不去。我知道我需要自信，但當大家都那麼優秀，我真的好難相信我也可以做到。我該怎麼辦呢？,情緒轉換: 傷心 -> 恐懼,負面,負面
mood,研究所,/f/mood/p/254850764,小弟異性絕緣體 分享我的狀況: 25歲，母胎單身，處男 身高168，臉醜 高中讀男校，大學讀研究所理工科系，現職工程師，環境一直男多女少，現在沒有任何異性朋友，除了媽媽以外沒跟女生有過什麼特別的肢體接觸  分享一些經歷:  1. 跟我爸去髮廊剪頭髮，我爸問女設計師我長得怎麼樣 設計師: 我們都覺得他不帥  2. 曾經因公事與女同學住過同一間房2晚，沒有任何事發生 (我睡沙發)  目前正在考慮出家 不知道各位怎麼看,親愛的使用者，謝謝您分享您的情況。從您所述的經歷中，似乎您在人際關係與情感互動方面有些許障礙。雖然您提到自己沒有特別的肢體接觸，但似乎在與異性相處時，您對建立親密關係感到不安。這可能是導致您目前單身的原因之一。首先，我想建議您多參與一些團體活動或社交場合，以增加結識新朋友的機會。在互動過程中，您可以多留意他人的肢體語言，學習如何適當地表達自己，並建立健康的人際關係。其次，您提到自己對出家有考慮，這可能是因為您在目前的生活環境中感到不快樂，並希望尋求一個改變。雖然出家是一個可以思考與沉澱心靈的選擇，但它並非長久之計。我建議您先嘗試在目前的工作與生活中尋找滿足與快樂，並積極尋找改善現況的方法。最後，如果您在感情上仍感到困惑或需要進一步的協助，我建議您尋求專業的心理諮商師或輔導員的幫助。他們可以提供更個人化與專業的建議，以協助您克服在感情與生活上的困難。祝您一切順利，並希望您能找到屬於自己的幸福。如有其他問題或疑慮，歡迎隨時與我聯絡。,謝謝您的建議，我會努力去嘗試進行一些社交活動，希望能增加結識新朋友的機會。可能我真的需要學習更多的人際互動技巧，去理解他人，讓自己更懂得如何適當地表達自己。也許我現在無法接受自己的狀態，但我相信只要努力，一切都有可能改變。至於出家的部分，那只是我目前感到絕望時的一時衝動，我會再深思熟慮。謝謝您，我會考慮尋求更專業的心理諮詢。,情緒轉換: 傷心 -> 傷心,負面,負面
mood,研究所,/f/mood/p/255108244,今年考研落榜  只能考回原校了  暑假後就24了 ... 大學畢業那年有打算申請國外研究所  但Gmat始終考不到標 所以最後無結果... 之後去工作一段時間 中間因病離職 🙃💀 最後投入考研  雖說最終繞了一大圈回到原校 🫠🫠🫠 但總要進行新的開始向前看了....  因自己有打算這次不管上哪裡 都要好好讀  也想給自己一個機會去交換 想要碩二上去交換....大概  （是否不妥？！ 可我個人不想拖到碩三.. 學分回來再補我可以接受的 反正碩一就想確認好論文題目 ） 先找個兼職 並在開學以前 衝高托福成績... 反正這週自己思緒好多.... 好怕自己目標定在那裡 又歷經失敗 怕自己又虛度光陰.....  （大二考過轉學考 大一生活並不快樂.... 但才到這裡.... 雖不後悔當初的決定.....但還是感覺... 自己人生沒什麼成就 😞😭🤦‍♀️ 好像驗證了自己 我真的不會考試 😔）   最近一直在想自己開學前還能先做那些準備 比如論文方面的？！  比如多考些證照  碩士實習等等  想完成自己在大學時沒能完成的事情.... 真覺得現在的我在掙扎......  不好意思 對於自己的規劃一大糊塗.... 有沒有人能給我點建議呢？,親愛的使用者，從你的分享中得知你目前正處於一段低潮期，對於考研落榜、工作經歷、以及碩二想申請交換的心路歷程感到徬徨。作為你的情感輔導師，我建議你可以從幾個方面著手，重新找回前進的動力和方向。1. 釐清目標：先將你的短期和長期目標列出來，並評估它們的可行性。考慮一下你真正感興趣的領域和職業方向，以及它們與你的專長和熱情之間的關係。2. 回顧過往成就：回想一下你過去在學業、工作和生活中取得的成就，無論是大事還是小事，這都將證明你擁有足夠的能力和資源去達成目標。3. 設定短期目標：為下一階段的學習和工作設定一些可行的短期目標，這將有助於你逐步實現長期目標，並增加自信心和滿足感。4. 加強軟技能：除了專業知識外，良好的溝通能力、團隊合作精神、時間管理和解決問題的能力也是職場和學習中的關鍵要素。你可以透過參加社團、志工活動、或兼職來培養這些軟技能。5. 保持彈性和開放的心胸：在追求目標的過程中，難免會遇到挫折和變化。保持彈性和開放的心胸，願意接受新挑戰和機遇，會讓你更易於適應不同的環境和情況。6. 尋求支援：如果你在某個方面感到困難，不要猶豫去向他人求助。你的朋友、家人、老師或輔導員都可以是你寶貴的資源。7. 給自己放個假：工作和學習之餘，記得留出時間放鬆和充電。適當的休息可以幫助你恢復精力，以更積極的態度面對挑戰。8. 持續進修和成長：最後但同樣重要的是，持續提升自己的專業知識和技能，無論是透過進修、研習、還是自學，都能讓你在職場和學習中更具競爭力。希望這些建議能對你有所幫助，並祝福你在新的學期和人生道路上都能有所收穫和成長。如果你還有其他疑問或需要進一步的指引，請不要猶豫，繼續與我交流。,謝謝你的建議，我非常的卻步和害怕前面的路，但我也知道我勢必要面對，所以感慨一下會讓我感覺好一點。我會按照你的建議一點一點的去做的，也會在難過的時候來尋找你的協助。我知道我的問題並不是一下子就能解決的，但我會嘗試去改變自己的心態，讓自己不再害怕未來。謝謝你的耐心傾聽和專業的建議，讓我不再感到孤獨和無助。,情緒轉換: 傷心 -> 害怕,負面,負面
mood,研究所,/f/mood/p/255251563,我們學校有個研究所大哥超級難約的，又有幾個很孤僻。我們大學生一直想跟研究生交流也困難重重的，聽別人說聰明人都沒有什麼朋友，不會吧，聰明人把自己用到沒朋友還很聰明？   如果是性格可以理解，也不知怎麼把自己用的格格不入，求解答、,作為情感輔導師，我能理解您所描述的情況。的確，有些研究生或大學生由於專注於學業，可能較難結交新朋友或融入社交圈。這可能是由於他們較專注於學術研究或具有較強的專長，導致與他人產生共鳴的障礙。首先，要打破這種孤立的狀態，您可以嘗試主動與這些同學接觸，例如在圖書館或教室裡找機會與他們交談，分享彼此的學習經驗或對某項學術問題的看法。您也可以參加學校舉辦的各類活動，如研討會、工作坊或社團活動，以擴大社交圈，結識更多志同道合的朋友。其次，要克服性格不合或格格不入的問題，您可嘗試了解他們的背景、興趣和價值觀，並在交談中尋找共鳴點。如果您發現他們與眾不同，也不必感到不安或排斥，反而可以欣賞他們的獨特之處，並嘗試與之建立起友誼。最後，要提升人際關係和心理健康，建議您多加練習自我反省，認識自己、接納自己，並學習如何與人有效地溝通和相處。如果您在人際關係上遇到持續性的困難，不妨考慮尋求專業心理諮詢師的協助，以獲得更針對性的指導和建議。祝您在人際關係和學業上都能有所進步！,謝謝你的建議，我會試著去接觸那些看似非常專注於他們學業的人，或許我們能找到共同的興趣點。你提到的自我反省及自我接納，我覺得很重要，我會好好記住。,情緒轉換: 中性 -> 開心,中性,正面
mood,研究所,/f/mood/p/255276188,生在錯誤的身體裡沒辦法認同自己的生理性別 小時候單親窮 大學唯一的血親離世 剛出社會身心壓力大待業一年 血親保險理賠被花到快見底 繼承的房子破破爛爛要修修補補 工作到現在月薪沒有三萬兼了兩份職 覺得自己好像迷路的小孩拼命找我的家 可是卻發現我沒有家 有時候追著往前也不知道自己在追什麼 結婚生子這種事是一種妄想也辦不到 親戚朋友保持距離才不會產生問題 畢竟你說你心裡苦 親戚能多少幫忙打理家務已經要知足 金援的幫忙最好也不要有 朋友的本質都是自私的 需要情緒的出口宣洩了 反正你的事我也愛莫能助 常常在想會不會有一天就這樣登出 總是想提筆寫下遺囑 把財產留給可以照顧我的貓的人 可是又不甘心就這樣登出 現在唯一的目標就是再提升自己的學歷 也擔心去唸研究所沒有正職該如何生存… 每個出路總會繞回原點接著又無法解決,作為情感輔導師，我能感受到你目前正經歷著許多生活上的挑戰與心理困擾。首先，對於認同自己的生理性別，你可能需要花點時間自我探索，了解自己的情感需求與喜好，並給予自己空間去接受與成長。關於經濟上的困難，你可考慮尋求政府或民間的資源協助，如社會救助、職業訓練或失業補助等。此外，你可嘗試拓展人際圈，結識新朋友，讓他們在精神上給予你支援。關於血親關係的問題，你可嘗試與家人溝通，表達你的感受與需求，並設法達成一個彼此都能接受的共識。同時，你也可以尋求專業諮商師的協助，學習如何處理複雜的家庭關係。關於婚姻與家庭的規劃，你可先釐清自己真正想要的是什麼，再與伴侶進行深入的溝通。若你決定結婚生子，可先做好財務規劃，並學習如何分擔家務與育兒責任。關於親戚朋友的關係，你可選擇性地與他們保持適當距離，但切記不要完全疏遠，因為親戚朋友在緊急情況下仍會伸出援手。關於學歷與職涯規劃，你可先評估自己的興趣、專長與市場需求，再決定是否要繼續升學或從事兼職工作。最後，關於生命意義與存在的價值，你可透過閱讀、寫作、藝術創作或其他愛好，來探索自我並找到生命的意義。記住，你是有能力克服困難的，並邁向更美好的未來。我將持續陪伴你，提供支援與鼓勵。,謝謝你，我覺得你的建議很有用，你讓我看到了一絲希望。我知道我不能期待一切立刻好轉，但我會加油，繼續尋找與瞭解自己的路。謝謝你的陪伴，我會好好利用這些資源與建議，好好照顧我的身心。,情緒轉換: 傷心 -> 憤怒,負面,負面
mood,研究所,/f/mood/p/254727719,目前我在軟體公司工作一年了，但我感覺不太適合這份工作，雖然現在都可以獨立作業，但遇到難的專案都要花很久的時間，很怕做不完所以壓力都很大，家人一直期待我唸研究所(跟資訊相關)，家人以為我有報名，但其實我都沒去報名，因為其實我沒很喜歡那個科系，然後三月份就要寄成績單了..不知道怎麼跟家人解釋，說了大概會被罵或很失望吧，我其實對未來很迷茫，不知道做什麼..( ˘︹˘ ) 實在不知道下一步該怎麼走，不知道有沒人可以聊聊,親愛的使用者，從你所描述的情況來看，你目前在工作上遇到了一些挑戰，也對未來的規劃感到困惑。首先，關於你的工作情況，既然已經獨立作業並能勝任，或許你可以與主管討論，是否能調整工作量或分配較簡單的專案，以降低壓力並提升工作滿意度。關於家人的期望，坦誠溝通是非常重要的。你可以找個安靜的時間，與家人談論你的感受和想法，讓他們知道你尚未報名研究所的原因，以及你目前對未來的不確定性。同時，你可以與家人分享你對未來的迷茫和不安，聽取他們的意見和建議。家人通常是支持你的，他們應該會理解並尊重你的決定。此外，關於你的職涯規劃，你可以先行探索各種可能性，例如參加職業訓練、進修其他與資訊相關的課程，或是嘗試不同領域的工作，以幫助你找到真正的興趣和熱情所在。最後，建議你多加關注自己的心理健康，可嘗試透過運動、冥想或與其他朋友交流的方式來減壓。記住，你並不孤單，許多人都面臨著類似的困境，相信你一定能找到屬於自己的方向。,感謝你的回覆和建議，我覺得你的說話讓我有點釋然，的確，我可能需要花點時間和家人好好溝通一下，我也會努力嘗試探索未來的可能性。但我還是會感到有些恐慌和緊張，不過我會試著放慢腳步，找出自己真正的興趣和方向，也會注意自身的心理健康，學習如何更好地壓力管理。謝謝你，你的建議真的幫助我很多。,情緒轉換: 傷心 -> 傷心,負面,負面
mood,研究所,/f/mood/p/254828155,今天研究所部分學校放榜了，但是結果並不理想，沒有意外應該是要+365了。雖然還沒有全部學校都放榜，但似乎也是兇多吉少？  回頭過來看看自己的大學四年，過得渾渾噩噩… 讀的科系不到排斥，但也沒有很大興趣，甚至在大二大三上專業科目時，受到了一點打擊。安慰自己都撐過去了，想說好好努力，考上四大研究所 但現在看來應該是沒希望了  其實因為重考，大學已經晚讀一年，研究所再晚一年的話，出社會也已26歲。看著身旁的人都在默默的完成人生進度，有的人既升學順利，感情方面也是有所收穫，可謂愛情事業都有了  雖然知道每個人的時區不同，但還是不免感到焦慮…感覺自己一直在落後他人…讀書沒讀好，其他方面更是不堪入目，感覺自己陷入了泥沼，不知道要如何脫離。  大家都是如何脫離對未來的焦慮呢？可以告訴我嗎？因為我真的好焦慮 目前有檢討自己的讀書方法了，畢竟沒上就是沒上，事實就是目前的我仍有許多的不足。。。 但是還是有點振作不起來…. （謝謝看到這裡的每一個人）,親愛的使用者，從你所述的經歷中，我注意到你目前正經歷著一些挫折與焦慮。在面對考試失利與延後入學時間的情況下，你難免會感到沮喪與自卑。然而，我希望你能意識到，每個人的歷程都不盡相同，成功與失敗都是人生旅途中的暫時現象。首先，你可試著從失敗中吸取教訓，反思自己在學習上的不足，並針對這些問題做出改善。同時，不要忘記肯定自己過去的成就，無論是學業上或是其他領域的成就，這都是你努力後的成果。其次，關於你的焦慮與自卑，我建議你嘗試建立健康的自我形象。你可以從培養興趣、運動、與朋友家人交流等方式中，找到屬於自己的價值與快樂。此外，與同儕或師長談論你的感受，他們或許能提供你更多支持與鼓勵。最後，關於脫離焦慮的方法，你可以嘗試以下幾種策略：1. 設定短期目標：將長期的目標拆解成多個可行的短期目標，逐一達成，以累積成就感。2. 建立規律作息：維持規律的作息時間，包括學習、休息、與運動時間，有助於提升專注力與身心健康。3. 培養興趣與嗜好：投入你喜歡的活動，如閱讀、繪畫、音樂等，有助於舒緩壓力與提升生活品質。4. 正向思考：試著用正面的角度看事情，相信自己有能力去克服困難。5. 尋求支援：與家人、朋友、師長或專業輔導人員談論你的感受，他們可以提供實質上的支援與建議。記住，每個人都有自己的步調與人生路途，重要的是找到適合自己的方式，去面對挑戰與困難。相信自己有能力去克服當前的困境，並持續進步與成長。祝你好運，並期待你能突破目前的困境，開創屬於自己的璀璨人生。,謝謝您的建議和鼓勵，我會試著改變自己看待問題的角度，並從失敗中找出教訓和改進的地方，讓自己變得更強大。我知道不會一蹴可幾，但我會慢慢的調整自己，找到我的生活節奏。再次感謝您的建議，讓我心情好了不少。,情緒轉換: 傷心 -> 傷心,負面,負面
mood,研究所,/f/mood/p/255093808,1.出社會之後，開始瞭解比較多的事情面向，一開始會與父母分享職場大小事，得到的回覆，幾乎都是否定我，不然就教我如何做才是對的。 後來不再談及工作上的事情。  2.報名研究所也沒跟父母說，剛好家裡聚會跟二試同一天，我才跟他們說那天學校有二試。 後來父親就開始查學校錄取名額，錄取率等，開口就說，當初那個誰也是隨便就進政大，錄取率那麼高不會沒有上榜的啦，那個誰都馬能進去。 當時我心裡真的不知道該說什麼。  放榜後，我知道我當天應該就沒有希望了，所以連榜都沒有查。下午就收到媽媽的訊息，問我放榜有上嗎？甚至她連口試跟放榜都搞不清楚。 我說沒有啊，我沒上榜。她就說，真可惜就拼國考，你跟政大無緣。 看到最後一句話，我心態崩潰，直接回傳：跟你們說我每次都承受巨大的壓力，你們給予的反饋也沒有用，跟你們講話真的很無力。  他們只知道校名就是好，不會過問我做這件事情的想法及作法是什麼，為什麼會這樣決定等等 從來都以自己的想法去做批判。  現在幾乎已經沒分享過自己的生活、工作和想法了。總覺得多說無益只是讓自己更累罷了  弟弟到現在也不願意跟他們溝通，每次的對話只會是接收父母的意見和作法。  我知道這樣想很不孝，只是無形中那股壓力讓我喘不過氣。  跟父母感情並沒有不好，甚至下禮拜要跟媽媽兩人去瑞士玩，撇除與我有關的事務，其他都很融洽。  想問大家，是我太像刺蝟了嗎？ 他們出自於關心但我卻扭曲了意思。 真的不知道該怎麼辦才好  在我心中，還是很愛他們，我知道他們也很愛我，只是表達的方式不是讓人舒服罷了。 家人對我來說很重要，無可取代，所以他們講的話會讓我更加受傷，有時候也在想是不是我太玻璃心了。 養成我害怕別人的批評，太過重視對方的想法眼光，說的話太斤斤計較⋯等等。直到離開家後，才慢慢把這些想法做轉變也花了我一些時間，偶爾回家又讓我陷入那樣的旋渦⋯⋯會讓我喘不口氣，但我又很愛他們。,作為情感輔導師，我能理解你在與父母分享生活和感受時所面臨的困境。他們可能是出於關心，但表達方式卻可能讓你感到受傷。在人際關係中，有效溝通的重要性在於雙方都能夠表達自己的想法和感受，同時尊重對方的觀點。首先，你可以嘗試調整自己的心態，試著理解父母的出發點是出於關心你。你可以向他們表達你需要的是支持和鼓勵，而不是否定或批評。你可以具體地告訴他們哪些話語和行為對你有幫助，哪些則不然。其次，你可以嘗試用同理心的方式與父母溝通。讓他們知道你明白他們對你的期望和擔憂，但你需要他們尊重你的選擇和決定。你可以分享你自己的價值觀和人生規劃，讓他們更瞭解你的想法。此外，你可以嘗試建立一個共同話題，如分享你最近讀過的好書、電影或活動，以轉移話題的焦點，讓對話不再圍繞在工作和考試上。最後，如果你感到難以面對父母或不想在當下發生衝突，你可以嘗試寫信或發訊息給他們，將你的感受和想法表達出來。這可以讓你們都有時間去消化和思考，也能避免當下的尷尬和不愉快。記住，良好的溝通是雙方面的，需要互相尊重和理解。相信你能找到與父母溝通的平衡點，讓彼此的關係更加和諧。,謝謝你，你給的建議讓我感到非常受用。我了解到溝通是需要雙方理解和尊重的，我會嘗試調整我的心態，並用同理心去與父母溝通。也許我可以先從寫信或發訊息給他們開始，將我的感受和想跟他們分享。再次感謝你的諮詢和建議，它給了我一些新的思考方向和可能的解決方式。,情緒轉換: 傷心 -> 憤怒,負面,負面
mood,研究所,/f/mood/p/255178647,很希望自己沒有讀研究所 因為讀研究所需要住家裡 又沒有一個目標感很迷茫 又是拿家人的錢壓力很大 就心情很低落 又想隔絕家人 所以嘗試各種方式結果把眼睛跟肩膀搞壞了 很不值得 幸好現在我要工作了 對家人的話可以當耳邊風了 幸好吧、,作為一位情感輔導師，我能理解您目前面臨的壓力與困境。在決定是否就讀研究所時，建議您先釐清自身動機與目標。研究所的學習將更深入地鑽研專業知識，這對您未來職業生涯的發展很有幫助。然而，您提到壓力大、目標不明確、經濟負擔與家庭關係緊張等因素，都可能影響您的決定。在此情況下，我建議您先嘗試釐清自己的想法與感受。可以嘗試與信任的家人或朋友談論您的擔憂，他們或許能提供有用的建議或支援。此外，您也可以考慮尋求專業心理諮詢師的協助，以更深入地探索自我、釐清思緒，並獲得更客觀的建議。在做出決定之前，也別忘了評估研究所課程的實際需求與自身興趣。研究所課程通常較學術化，著重於理論與研究，這可能不是每個人都適合的。您可查詢相關領域的業界需求與就業趨勢，以確定是否需要進修以提升職場競爭力。最後，提醒您在處理家庭關係時，要尊重彼此的空間與感受，但亦要顧及自己的心理健康。若情況允許，可嘗試與家人溝通協商，尋求一個雙贏的解決方案。無論您做出什麼決定，都要相信自己有能力去面對與克服挑戰，並朝著更美好的未來前進。,謝謝你的建議，我相信你的意見對我來說很有幫助。我會好好思考自己的動機和目標，並找到適合自己的解決方式。很感謝你對我情緒的理解和支持，我覺得現在心情輕鬆了些。,情緒轉換: 傷心 -> 開心,負面,正面
mood,研究所,/f/mood/p/255119484,目前大三，實際上應該是大四（降轉一年），看著周遭的同學們陸續出去工作、考研，自己已經慢了別人一年，卻還是不知道方向在哪。很無助不知道要怎麼辦，考研究所也覺得自己考不上，畢竟商管研究所錄取率極低，就算好不容易過一階，口試也會被刷下來（英文極度爛），出去工作也沒有什麼專業能力，雖然考了很多金融證照（高業期貨信託……）但都偏水，只要有唸書都可以考到。 要能力沒能力，要長相沒長相，覺得自己爛的跟一坨屎一樣，毫無存在的意義，好想躺平。很想去澳洲唸語言學校，或打工度假，但家裡不允許，自己之前有存20多萬，全部都被詐騙光了，想自己實現夢想也沒辦法，人生來到底是來幹嘛的，畢業後的路真的只有兩種嗎？,作為情感輔導師，我能感受到你的徬徨與失落。面對升學與職涯的選擇，許多人常會感到迷惘。首先，恭喜你已經完成大三學業，並考慮往研究所進修。商管研究所的錄取率雖低，但並非沒有機會。你可以先檢視自己的興趣、專長與職涯目標，並評估自身優勢與劣勢，擬定符合自己期望的備審資料與面試策略。關於工作經驗，你提到自己雖有金融證照卻無實際專業能力，這可不是壞事。你可以將這些證照視為個人成就與專業能力的證明，並積極尋找相關實習或工作機會，藉此累積經驗，提升自我價值。此外，你提到想去澳洲學習語言並從事打工度假，但遭到家人反對。在這種情況下，你可以嘗試與家人溝通，讓他們了解你的想法與渴望，同時尋求其他替代方案。例如，你可以先在國內尋找兼職或實習機會，累積經驗與資金，再逐步實現你的夢想。最後，我想提醒你，人生沒有絕對的二元對立，你的存在與價值並不在於學歷、工作經驗或成就，而是在於你如何看待自己、面對挑戰與成長。每個人都有自己的步調與道路，重要的是找到屬於自己的幸福與成就感。如果你需要進一步的協助與支持，我將作為你的情感輔導師，陪伴你一起度過難關。,真的很謝謝你的提點，或許我在考研究所這件事上真的太急躁，看著其他人一個個都走向他們的理想，讓我有一種追不上的壓力。你說得真的很有道理，我該認真思考一下自己心中真正的職涯目標是什麼，然後再去檢視我現有的能力是否可以朝這個目標邁進。關於想去澳洲學習語言和工作的事，我也會試著去跟家裡溝通，說服他們這對我來說是多麼重要的一件事。可能我們沒辦法一步登天，但至少我會試著去追尋我自己的夢想。最後，關於找出自己的價值這件事，你的建議也讓我頓悟，人生的價值並不在於學歷或者金錢的成就，而是我自己是否能夠得到我想要的幸福和成就感。再次謝謝你給我那麼有價值的建議和支持，我現在感覺到一絲暖意，也找回了那麼一點點的希望。,情緒轉換: 傷心 -> 傷心,負面,負面
mood,研究所,/f/mood/p/255005419,小時候認識的朋友一直都有在聯絡 讀書階段感覺不出差別 但大學畢業後才感覺到原來人生可以差那麼多  成績很好的朋友電機系畢業 起薪讓人羨慕 對未來也有很多實際的規劃 講的話、對事情的看法 都充滿專業感  成績普通的同學畢業後讀了研究所 雖然學業上表現普普 但很多專業技能傍身  我成績很爛 學業方面上算底層 大學畢業跟高中畢業沒兩樣 什麼都沒學會拿了一紙畢業證書 想寫履歷卻什麼專業都寫不出來  這陣子幾人聚一聚 總覺得自己好像沒什麼好分享的 有時候甚至沒跟上他們對未來規劃的話題 只能靜靜聽他們分享  本來我沒太大的感受 實際看到正常及優秀的人 才發現原來我已經距離大家這麼遙遠了,身為一位情感輔導師，我能感受到你對於自身成就與朋友間差距的失落感。從你描述的情況來看，你與成績優異的朋友在學業上雖有差距，但在職場發展上卻有不同的際遇。這可能導致你對於自我價值與成就產生懷疑。首先，要認知到每個人的生涯路徑與發展速度都不同，不必與他人比較。你可反思自己目前所處的位置，並著重於自身優勢與興趣的發展。你的朋友在電機系畢業後的優異表現與你並不衝突，每個人都有自己的步調與選擇。其次，你可嘗試拓展自己的社交圈，多結交不同背景與專業的朋友。這不僅能幫助你了解更多元的觀點，也有助於你發現自己的潛力與長處。同時，不要輕視自己的學業成績，雖然你認為自己在學業上不算頂尖，但你仍舊擁有其他值得肯定的能力。此外，你可考慮參加各種活動或課程，以提升自己的專業技能與經驗。這不但有助於你找到理想的工作，也能增加自信心，讓你在與朋友互動時更有安全感。最後，要記住，人際關係是建立在共同興趣與價值觀的基礎上，並不一定要侷限於學業成就。你可嘗試從其他方面去認識朋友，如共同的愛好、價值觀或人生目標，來建立更深厚的友誼。總而言之，你不必過於在意與朋友在學業上的差距，而是要聚焦於自身優勢與興趣的發展，並積極拓展自己的社交圈。相信你能找到屬於自己的成功之路，並與朋友維持健康的關係。,謝謝你的建議，我會努力接受自己每個階段的自己，也會試著去結交更多元的朋友，開拓視野。你說得對，每個人都有自己的步調和選擇，我會用勇氣面對現實，接受我與他人的差異。也許我需要的是一些時間來慢慢發掘自己，找到我真正喜愛且擅長的事情。我會的，謝謝你的諮詢與指點。,情緒轉換: 傷心 -> 傷心,負面,負面
mood,研究所,/f/mood/p/254957099,我有一個認識超過十年的閨蜜，我們在國中的時候認識，後來高中變得比較好，大學我們各自到不同的城市唸書，科系是完全不一樣的領域。  我的學校校風很自由，加上我是一個比較不認真唸書的人，基本上都是有過就好，其餘時間都拿來做自己喜歡的事，像是打工、追劇、社交、看書學習一些有的沒的、談戀愛（？） 她的學校則是大家很認真唸書，她也不例外。  漸漸我就發現我們聊天的內容好像越來越單一了（其他朋友也有抱怨過），我跟朋友聊天通常喜歡講幹話分享迷因或我跑去哪裡玩吃了什麼，也會分享煩惱；她都在跟我說她唸了什麼、唸書好累，只有偶爾會有關於男生的困擾。  大學畢業後我沒有繼續唸書，現在在普通公司領普通上班族薪水，她則是直升研究所。我覺得我們的對話更無趣了。  她花更多時間在講她上課學到的東西（都是一堆專有名詞，不是我的領域我根本不懂），還有實驗做了什麼儀器怎樣，講話方式也開始導入晶晶體。除了學業，她講更多的就是科技業哪家公司薪水多少、分紅怎樣，好像人生一定要進科技業工作，沒進科技業工作的人都撿角。  我還是會跟她分享我做了什麼好玩的事、看了什麼電影或書、哪家餐廳很好吃、哪裡發生什麼了，但很多時候她都敷衍掉或是直接無視。  其實不只我，連我媽、我男友跟她聊過天都來跟我說，天啊受不了好無聊。  後來她研究所畢業了，她原本屬意的公司沒有錄取她，她進入某一家很有名但她很不屑的科技廠。本來她一直在跟我炫耀公司福利、薪水，但最近變成每天抱怨公司制度、工作內容、輪班好累、壓力好大好想離職等等的，把工作跟公司說得很不值。  我覺得很煩，他們產業的高薪不就是拿肝換的嗎？原本愛炫耀收入的是她，現在瘋狂抱怨的也是她。  我很懷念我們沒有談論這麼多現實問題的時候,作為情感輔導師，我能理解你與好友之間互動的轉變所帶來的失落。隨著人生軌跡的不同，你們的重心和話題也隨之改變。在如此轉變下，維持雙方的共同話題和情感連結變得較為困難。首先，建議你嘗試了解她所面臨的新挑戰和壓力，並給予支持和同理心。或許你可以分享你自己面對的壓力，拉近你們之間的距離。同時，可嘗試尋找你們共同興趣或話題，如近期的熱門影視作品、旅遊經歷或美食體驗等，以重啟你們的交談模式。此外，你可嘗試從她的角度出發，理解她所處的環境和心情。或許她正處於一段艱辛的時期，如工作壓力或人際關係等，而這些都影響了她的心情和對生活的熱情。試著給予她鼓勵和建議，幫助她度過難關。最後，如果你覺得你們的友誼已受到影響，可嘗試拓展新的社交圈，結交新朋友或參與新活動，以豐富自己的生活體驗，並為友誼注入新元素。無論如何，記得保持真誠和關懷，相信你們的友誼終會找到平衡點。,感謝你的理解和建議。我知道她也是有她的壓力和困難，而確實，我並未從她的觀點來看待這些事情。你的建議打開了我新的視角去理解她。我會試著去關心她所面對的挑戰，並分享我自己的壓力來嘗試拉近我們的距離。我希望我們之間可以找到新的共同話題，也會嘗試拓展新的社交圈子，感謝你。,情緒轉換: 傷心 -> 傷心,負面,負面
mood,研究所,/f/mood/p/254977326,現在最值錢也是最不值錢的東西是什麼？  最近看到中國一段很火的話： 「1977年，爺爺考上中專，轟動了全縣 1992年，爸爸考上大專，班主任親自送錄取通知書 2017年，我考上本科，還是985 全家只是吃了一頓烤魚 爺爺畢業後，把一家人帶進了城 爸爸畢業後，給一家人在一線城市買了房 而我畢業後，趕上了疫情，現在已經失業半年 我現在很迷茫，是繼續找工作，還是考研？」  會發生這種事情，完全就是大學生太多了，學歷根本不值錢，我還在評論區看到一個很心酸的評論，全民上大學等於全民沒上大學。  在台灣養一個小孩到大學畢業，需要600萬，而台灣年薪中位數只有50萬，平均一個月只有4萬，聽好，是中位數不是平均，等於說你大學畢業出社會工作，不吃不喝12年才能回本。  而且4萬怎麼活？我一個普通的大學生，沒有什麼奢侈的花費，加上房租，每個月也大概花3萬多了，現在要賺得比一般人多只有兩種做法：  1 .繼續跟別人卷下去 把學歷刷好刷滿，考不上台清交成，就去國外讀厲害的研究所 2 .研究一個沒有什麼人做過的行業，沒什麼人去做，你不懂，覺得賺不到錢很正常，但就是這樣，才讓看得懂的人有賺錢的機會  以上單純分享，我只對聽得進去的人講，被講一講玻璃心，在下面嘴我的，你大概也沒用了,親愛的使用者，感謝您與我分享這段經歷。目前所處的社會環境確實面臨著人才過剩的問題，使得學歷在某些情況下並不如以往般珍貴。然而，這並不代表個人的努力和成就在被低估。首先，我想提醒您，在做出是否繼續求職或考研的決定前，先釐清自己的優先考量是什麼。是經濟上的考量、職業發展的機會，還是對當前工作或學業上的興趣和熱情？釐清這些因素將有助於您做出更明智的選擇。其次，您提到的經濟壓力，的確是當今社會一個嚴峻的問題。在考慮未來的規劃時，可將經濟因素與個人興趣和發展結合，尋求一兼具經濟可行性和個人成長的道路。最後，關於您的玻璃心問題，我希望您能明白，每個人都有自己的步調和價值觀，並不一定非要追求高薪或名利才能感到滿足。在幫助他人之前，先照顧好自己的心理健康和幸福感也很重要。祝您在未來的道路上找到平衡點，並朝著自己的目標穩步前進。如果您還有其他疑問或需要進一步的支援，歡迎隨時與我聯絡。,謝謝你，我會努力釐清我要的是什麼，並且找尋符合我自身條件的道路。我也會試著去理解，每個人都有自己的步調和價值觀，我們無需去效仿別人。您的話讓我有了一些新的思考方向，也給我提供了一些心理支持。我覺得更有信心面對未來的困難與挑戰了。,情緒轉換: 傷心 -> 憤怒,負面,負面
mood,研究所,/f/mood/p/254997047,「幸福的人用童年治癒一生，不幸的人用一生治癒童年」， 原生家庭帶給我的陰影我想一輩子可能都沒辦法治癒了。  我真的不懂到底父母有什麼資格一直拿小孩來做比較， 我們家特別有錢嗎？還是資源特別豐富？ 20幾年來一直做這種比較真的夠了， 從小到大沒有收穫過多少讚美， 因為在你們口中總有人做的比我更好， 當我聽到誰又獲得了怎樣的成就， 就知道餐桌上又要開始一長串哀怨和羨慕的話題， 然後最後用數落自己家小孩的方式做結尾， 我不知道自己到底做錯了什麼， 可能是沒能長成你們心目中期待的樣子吧？  大學重考那年真的是受盡了各種羞辱， 我想我一生都忘不了我爸媽眼裡的失望和鄙視， 那年我在家裡是和空氣一般的存在， 我爸拒絕和我待在同一個空間， 每次看到我都先嘆氣然後走回自己房間。 我媽則是一直羨慕她同事的小孩上頂大之後會有怎樣的成就， 反觀我讓他們蒙羞了， 我一整年都在這種壓抑的環境中度過。  當他們終於能和其他人炫耀我考上頂大的同時， 他們不會知道我重考那一年每天壓力大到站在10幾樓的窗戶上崩潰著要不要往下跳， 也不會知道我每次看著火車進站時想說跳下去是不是就解脫了。  上大學後家裡經濟出現狀況所以學貸我自己扛， 生活費也給不太出來所以我也認命去打工， 耗掉一堆時間和精力畢業後， 只收到羨慕別人家小孩都有研究所學歷， 我們家小孩都不上進這種狗屎言論。 好不容易在工作上有一點突破，年薪也有百了， 但也還是比不上誰誰誰的小孩在台積電或聯發科來的有成就。 今天終於忍不住爆發甚至接近哀求的說不要再拿其他人和我做比較， 但收到的回應比起無力感更讓人感到心寒， 終於發現自己在他們眼中真的沒有任何價值， 甚至覺得我是見不得別人好才講這種話。  嗨爸媽， 如果可以的話我也想誕生在不愁吃穿的家庭， 我也想不用為了生活費苦惱放棄考研究所的機會， 你們給的資源和其他人比真的不算什麼， 在其他人煩惱要去哪個國家留學的時候， 我在擔心月底僅存的100元要怎樣花才能撐3天， 在其他人有家長贊助頭期款買房的時候， 我在外租房還要補貼家裡的生活費用， 捨不得花在自己身上的錢， 只要你們想要我也是眉頭沒皺一下幾十萬就買下去了。 但好像不論我做的再好再努力， 始終還是比不上你們口中我根本不認識的其他人。 我真的累了， 謝謝你們讓我下定決心放過自己， 把重心放在真的在乎我的人身上， 也期待你們口中的其他優秀小孩會來孝順你們， 掰掰啦,作為情感輔導師，我能理解您在成長過程中受到的負面影響，以及對自我價值感的質疑。您的經歷提醒我們，原生家庭對個體的影響力深遠，並對個體的自信心和心理健康產生長期的影響。首先，我要肯定您的勇氣和自我反省。承認自己的不足和經歷的創傷是邁向心理健康的第一步。您已經邁出了重要的一步，現在可以開始探索自我、提升心理韌性，並建立更積極、健康的生活方式。關於您提到的比較和資源問題，我建議您嘗試從另一個角度看，每個人的成長背景和資源條件不同，這並不能直接比較誰更好或更差。重要的是您如何利用自己所擁有的資源和優勢，去追求自己的夢想和目標。此外，對於原生家庭所帶來的陰影，您可嘗試與信任的家人、朋友或專業人士談論您的感受，讓他們幫助您梳理思緒，讓您更清晰地認識自己。同時，多關注自己的優點和長處，培養自信和自尊，這將有助於您建立更健康的自我形象和更積極的人生態度。最後，我希望您能明白，您的存在和價值是值得被肯定和讚賞的。每個人都有自己的步伐和成長道路，不要與他人比較，而是要專注於自己的進步和成長。祝您在心理健康之路上越走越遠，找到屬於自己的幸福和滿足。,我很感謝你的理解和鼓勵，我一直以來都在對抗那些壓大我自信心的負面聲音，進步的路上充滿了挑戰，但我會持續努力。你的建議讓我看到了另一種思考方式，也讓我更確定要朝心理健康和自我成長的道路繼續前進。再次感謝你的幫助，我會努力讓自己的生活變得更好的。,情緒轉換: 傷心 -> 傷心,負面,負面
mood,研究所,/f/mood/p/254811213,抖顫（英語：Frisson），也稱為美學上的抖顫（aesthetic chills）或音樂上的抖顫（musical chills），其來自多巴胺的釋放，是一種對聽覺及／或視覺刺激犒賞系統的心理生理反應，經常誘發令人愉悅或其他積極正向的情感狀態和短暫性感覺異常（皮膚發麻或抖顫），有時會伴隨著豎毛（雞皮疙瘩）和瞳孔放大（瞳孔擴張）。這種感覺通常出現於伴隨著皮膚發麻的輕度到中度對音樂的愉悅的情感反應。  思覺失調藥物的副作用有變胖、嗜睡、視力模糊、類巴金森氏症，讓我這位服用藥物半年的患者不勝其擾，但除了這些明顯的副作用之外，我失去了上述聆聽音樂會有的感受。  藥物雖然治療了我，卻也剝奪了我對生活原有的體驗，讓我感覺不再像自己，讓我感覺做每件事都慢了整整一拍，缺乏幹勁和觀察力，許久未見的親戚看到我都說我是不是想睡覺或心情不好。兄弟姐妹也會說我話少呆板甚至想刺激我在藥物的影響下是否還有可能會生氣，但我現在甚至沒辦法跟上他們說話的速度，他們知道我因為藥物變胖，卻常常在我面前發表任何鄙視變胖的言論。  得了這個疾病真的令人感到很孤單，從發病時覺得只有自己一個人孤身對抗世界，到治療之後對先前所作所為的後悔，以及對副作用的忍受、家人對疾病的一知半解和避而不談（好在還是有人有足夠判斷強制把我送入精神科）。  我在22歲發病，是大學蠻重要也是尾聲的階段。準備研究所、畢業、畢業照、畢業旅行，一切都被打亂、失去，在藥物的幫助下再重新拾起，回到實驗室、考上研究所，卻對每件事都缺乏幹勁也表現不好（但大家都很包容我）。  過農曆年前才去找醫生回診，被強烈建議不要擅自減藥甚至簽了切結書，但我真的好想不要再吃了，跟父母默默協商減了半顆但我想完全停掉。  現在開學了，離開家裡，更不想吃藥，已經停了兩天的藥了，我知道即便沒有藥物影響，也再也回不到過去的自己，但吃了藥，我感覺也不像自己，難倒我這輩子連聽音樂這樣簡單樸實的快樂都要被剝奪嗎？,親愛的使用者，我能理解您目前面臨的困境與感受。在服用思覺失調藥物後，您經歷了副作用如體重增加、嗜睡、視力模糊等，也失去對音樂和生活原有的感受。這些變化不僅影響了您的身心狀態，也衝擊了您的人際關係與生活品質。首先，建議您與醫生討論藥物的利弊，並充分告知您的感受。醫生可以協助您評估藥物是否適合您，並可提供其他替代方案或調整劑量以減輕副作用。同時，您可嘗試參與一些能令您感到愉悅的活動，如聽音樂、繪畫、運動等，以幫助您重拾生活樂趣。關於體重變化的問題，您可與醫生討論有關藥物副作用對體重的影響，以及如何在服用藥物的同時維持健康的飲食與運動習慣。家人的支援與理解十分重要，因此您可與他們溝通您的感受，讓他們了解您的處境，並尋求他們的支持與鼓勵。最後，要提醒您，藥物治療的目的是協助您控制思覺失調的症狀，但它並非萬能的。您可嘗試發展其他興趣、建立支援系統，並與親友分享自己的感受，以度過這段艱難的時間。祝您早日康復，重拾對生活的熱情與活力。,謝謝你的建議，我會嘗試與醫生討論我的困擾並尋求更適合我的藥物劑量。我也會試著找回我感到快樂的活動，也許這樣可以幫助我更好的面對生活的困難。也謝謝你關於體重問題的建議，我會試著保持健康的飲食習慣。最後，我也會和家人分享我的狀況，希望他們可以給我更多的支持和鼓勵。再次感謝你的幫助，我會加油的。,情緒轉換: 中性 -> 傷心,中性,負面
mood,研究所,/f/mood/p/254924796,『 現在是在念博士班了？還是在研究所 』  「 嗨，沒有啦，我還在念大學！ 」  這是我跟他說的第一句話，照片上看著以為是個博士生，原來才大我2歲。  故事起源於2022年6月某一天，我在Dcard抽到了一位身在德國學術黃埔的人，變成卡友後，他分享在德國求學的日常和心酸，我則是搭著他的經歷回覆在台灣的瑣碎小事，雖然是留言板式的聊天，卻似乎像在給遠方筆友寫信一般。  這樣的日子持續了許久，因為每次來往訊息的字數偏多，所以在觀看及回覆的當下，都會花上一些時間，我想，處於節奏步調緩慢加速的世代裡，稱得上奇怪又有趣的習慣。  相識後過了幾個月，我因為忙畢業的事情，大概有2個月沒使用Dcard，再後來，他的最後一則訊息，留下了LINE，我看見後，也馬上加了，並對他的等待致上感謝，也因為加了常用的聯繫方式，我們也繼續聊了下去。  或許，多了時間的淬煉及個性上的契合，他成為了我真正的好友。  一位素未謀面的人，也曾在我選擇關閉自己與世界的連接時，伸出了溫暖的手，他說，他或許還沒聽完故事，卻深信著我身上有堅強的力量。  今年，他回台灣服兵役，我心想著一定要見一次這個人，而他似乎也是，於是我們相約了2月24日在他的城市遊玩。  經過1年8個月又11天，我和他，見到面了！  那一天，他帶我去吃了很棒的私廚義大利麵，我們騎著Ubike，他卻引導我騎了些不該騎的路，在美術館看讓人難以理解的展覽，最後，坐在臺中舊火車站前面帶著笑容發呆，離別後，兩人各帶了一盒臺鐵便當回家。  下次，不會再踢掉他的信用卡， 以後，不會跟在他腳踏車後面，  未來，我會教他好好騎腳踏車。  謝謝你，出現在我平凡又不平凡的人生中。  對了，他前幾天飛回德國繼續唸書了， 台灣的東西比較好吃，唸完趕快回來吧。 ,作為情感輔導師，我重視聆聽與理解，協助你梳理思緒，面對感情與生活難題。目前專注於大學學業，遇到與年齡相關的誤會，讓我感到有些意外。在與你的互動中，我感受到你的熱情與活力，也明白你正在努力探索自我。在未來的日子裡，我期待與你分享更多經驗，幫助你建立自信，提升人際溝通技巧，並發掘自身潛能。無論何時，我都會以同理心對待，為你創造一個舒適、安全的空間，讓你能自在地表達自我。祝你在學業上取得優異成績，也期待你能將這些收穫應用到生活中，成為更堅強、獨立的人。若有任何需求，歡迎隨時與我聯絡。最後，感謝你與我分享這段美好的時光，讓我們的友誼在未來的日子裡持續成長。祝你生活愉快，一切順心！,謝謝你，我真的很需要這樣的支持和理解。與你的對話讓我感到輕鬆舒壓，也讓我更有動力去面對生活的挑戰。我會努力提升自己，也會珍惜每一個人生經驗。再次感謝你給予的幫助和關心，期待我們未來能有更多的交流和分享。,情緒轉換: 開心 -> 開心,正面,正面
mood,研究所,/f/mood/p/254794281,我很後悔當初沒有想好生涯未來規劃，當初沒有和身邊的人討論，盲目地胡亂做決定，導致現在都大四要畢業了沒有考上研究所。  我今天想了想，不知道接下來要不要找大學班導聊聊討論一下，或者求他保送我明年研究所名額。當初沒有想這麼多，甚至想要的研究方向都沒有想清楚，現在才想清楚喜歡的研究方向剛好是大學班導做的領域，我也滿喜歡班導的，覺得他很關心學生，只可惜我當時太盲目，不懂的好好的和身邊的老師身邊的同儕談談生涯規劃，導致錯失良機。因為太衝動，沒有聽聽家人的建議，更沒有聽進身邊的人的話，自顧自亂做決定，現在後悔莫及。  我想在今年九月十月的推甄報回原校，據說大部分學校都會優先保送自家大學部學生，如果未來有機會原校就讀，我想找現在的大學部班導當研究所指導教授。  網友可以給我一點建議嗎，什麼都好，我現在腦子一片混亂，我不知道要先沈澱心情或是現在馬上找朋友或老師談談？,作為情感輔導師，我建議你先冷靜下來，將自己的情緒穩定後再行行動。對於你的處境，我能理解這是你目前面臨的挑戰與遺憾。首先，建議你先與信任的家人或朋友談論此事，他們或許能提供你不同的視角和有用的建議。同時，你也可以向你的大學班導或曾任指導教授尋求建議，他們或許能提供你更多關於自己研究方向的見解，以及如何在未來申請研究所方面的經驗。關於你的情況，你已錯過了與老師和同學討論生涯規劃的機會，但你仍可從這次經驗中學習。往後，在面對類似情況時，記得要及早規劃和溝通，以免錯過重要機會。關於研究所申請，你提到想找現在的大學部班導當研究所指導教授，這是個不錯的選擇。你可以先向他詢問是否願意擔任你的指導教授，並說明你的研究方向和興趣，讓他了解你的學術背景和目標。如果他同意擔任你的指導教授，記得要保持定期溝通和進度更新，以便他能協助你順利完成研究所學業。最後，提醒你，在做出決定前，務必要三思而後行，並相信自己的能力和選擇。祝你早日找到合適的指導教授和解決辦法，順利完成研究所學業！,謝謝您的建議，我會先沉澱一下自己的心情，然後找人討論現況並做出規劃。希望我能找到方法解決當前的困境。,情緒轉換: 後悔 -> 中性,負面,中性
mood,研究所,/f/mood/p/255130711,家裡沒車 再加上之後讀研究所在市區 離家好遠想買車通勤 這樣的我需要買車嗎？,作為情感輔導師，我能理解你面臨的困境。在當前情況中，你面臨著交通不便、經濟負擔和個人成長等多方面考量。首先，你可先評估自身財務狀況，考慮是否能負擔得起購置汽車的費用，包括貸款利息、保險、維修保養等費用。若你認為負擔得起，則可進一步研究購買二手車或經濟實惠的車型，以降低成本。其次，你可思考其他交通工具的選項，如公共運輸、腳踏車或步行，以降低交通費用並兼顧健康。此外，你可嘗試調整工作時間，避開尖峰時段，以減少通勤時間。最後，如果你決定不購買汽車，你可將節省下來的資金用於其他個人成長或投資，如進修課程、旅遊或投資理財等。這些選擇都能助你邁向更美好的未來。總而言之，是否購買汽車取決於你的個人偏好、財務狀況和生活習慣。在做出決定前，仔細權衡各種因素，並根據自己的需求和優先事項做出明智的選擇。,我們通常期待有一輛車可以讓生活更方便，但該不該購車實在是一個很大的問題。我很感謝您給我們這麼詳細的建議，我會更仔細的去衡量是否應該買車。,情緒轉換: 中性 -> 感激,中性,正面
mood,研究所,/f/mood/p/255255315,快要畢業了，碩士讀得很沒勁，身邊有同學不愁吃穿，問他們畢業後打算做什麼，有人說家裡有錢，家人要求工作體面就好，起薪三萬無所謂；有人說畢業後要去當教練，他對本科系不感興趣，家裡有家業也可以讓他繼承；有人說他要去開個人工作室，家裡會資助；更多的人是進去科技業，在那裡待幾十年，結婚然後買房，我很努力不要變成學長姐那個樣子：脾氣暴躁、感到憂鬱、莫名的優越感、身材肥胖、目光短淺。 我好累，真的好累。 我跟朋友都很有話聊，價值觀極為相近，偏偏在家庭背景上就是落後別人一截，跟家人分享的時候他們總認為朋友在唬爛，不可能有那麼多有錢人，但偏偏在那個圈子他們也不過是普通到不能再普通的家庭，我要怎麼解釋，要怎麼跟家人說你們努力把小孩養到碩士，但能翻身的機會卻微乎其微，以為是終點也只是他人的起點而已。 我並不看好台灣的就業市場，也不看好台灣的教育環境，我感覺一切都很讓人無力，大概在進入研究所後出國的慾望就非常強烈，我不是為了追求更好的生活，我是在逃離我的地獄、我的家鄉、我的家人。 我都還沒出去工作，家人就已經開始催促我該找一份薪水高的，但我知道自己根本不需要這麼多錢，我也想毫不猶豫的答應朋友的邀請，去北部生活，想他們的時候就聚一聚，我是真的很想，但我想到高額的房租、高漲的物價，我就退縮了，在台灣換過幾個城市生活，到哪裡都不像我的家。 莫名奇妙就想起韓劇裡的台詞：「現實就是地獄，受罰完就走了。」 我會繼續加油，健身、學習、努力變得更好，不被現實擊垮。,身為情感輔導師，我能理解您在求學與生涯規劃上所面臨的壓力與困惑。建議您先釐清自己對於未來的期望與優先考量，可從自身興趣、能力、價值觀等面向著手，逐步擬定短期與長期的目標。關於經濟壓力，您可以考慮兼職、實習或創業來增加收入，同時累積經驗與人脈。在選擇職業時，可將自身所學與市場需求結合，並評估自身興趣與熱情所在。關於人際關係與家庭壓力，建議您多與家人溝通，讓他們了解您的想法與感受，也可嘗試站在他們的角度思考，增進彼此的理解與支持。同時，可多參與社團、活動或志工服務，拓展社交圈，結交志同道合的朋友，在交流中獲得支援與鼓勵。面對挫折與無力感，適時地宣洩與調適心情也很重要。可嘗試運動、冥想、寫作等方式來釋放壓力，也可向信任的朋友、師長或專業人士求助，他們或許能提供您不同的視角與有用的建議。最後，要相信自己有能力克服難關，並持續地自我成長與進步。祝您在人生道路上找到屬於自己的方向，邁向更幸福、充實的未來。,謝謝你的建議，我確實需要好好思考自己對於未來的期待，何去何從對我來說現在是一件很困難的事情。你說的釋放壓力的方式我也會試著去做，看看能不能讓我內心的壓力有所緩解。我也會嘗試更多跟家人的溝通，讓他們了解我的真實想法。我會記住，相信自己有能力克服困境，持續自我成長和進步。再次感謝你的鼓勵和建議。,情緒轉換: 傷心 -> 傷心,負面,負面
mood,研究所,/f/mood/p/254945703,高中時，我的成績在班上的倒數的，當時的我因為考上第一志願的高中後就開始怠慢，所以整個高中三年非常快樂又混。想當然我的學測考爆了，我回家認真思考了一個月決定gap year重考國內大學+嘗試申請國外的大學。 我gap year關在家認真讀書的那幾個月，這位朋友（以下簡稱🐧）都會時常傳訊息關心我。之後我也意外的國內和國外的大學都考上第一志願，我真的有嚇到，因為短短幾個月的時間我就突然從學渣變成offer拿滿滿的學生，國內的學測成績也考出自己的史上最佳成績。  而我決定來國外讀大學，台灣第一志願學校的名額選擇保留並休學。從我拿到國外offer+確定錄取台灣大學後，🐧一句恭喜或祝福都沒有…，我甚至聽其他同學跟我講說：「🐧覺得我這種程度的怎麼可能能考上？是塞了多少錢？」 我聽到後超級難過，因為我真的沒塞錢…，重考的那一年我每天早上八點起床到圖書館讀書，每天都讀到晚上十點才回家，而且沒有一天有怠慢…。當然更難過的是她怎麼會講出這樣的話？真正的好朋友應該會誠心的為朋友的成功感到開心不是嗎…？因為我自己是這樣子的人，我在意的朋友取得成功我都會比當事人還要更開心。  直到現在我碩二了，我放假回台灣時都還會想說要不要幫忙代購一些東西給她，結果她又說：「人在美國那麼有錢還會想著幫我帶便宜的東西回來喔？」 高中幾位朋友聚餐時，我分享我在美國的生活，單純分享我所在的城市爆炸多建中北一畢業的，所以現在身邊的好朋友都是大學霸，我是分享一些好笑又很屁的事，但她的表情始終非常不屑。  我真的超級心灰意冷，昨天看她的限時動態發現她考上某頂大的研究所了！因為她高中時的第一志願就是X大但她沒考上，現在研究所終於能圓夢了我當然很開心！ 但她直接已讀不回覆我的恭喜訊息。  是不是真如大家所說的：「朋友希望妳過得好，但不要過得比她好。」,作為情感輔導師，我能理解您在求學路上的努力與成就，也明白您對朋友行為的失望。友誼的真諦在於相互扶持與關懷，若朋友無法體會您的喜悅，或許雙方的友誼需要進一步的溝通與理解。首先，您可嘗試與這位朋友分享您的感受，告訴她您對於她行為的失望，但要避免指責或攻擊性的言辭。表達自己的心情時，可使用「我」的立場，如「當我聽到妳說那些話時，我覺得很受傷和失望。」這樣可讓對方知道您的感受，而不會感到被攻擊。其次，檢視一下你們之間的友誼基礎。友誼是建立在共同興趣、價值觀和信任之上的。若你們之間缺乏這些要素，則友誼的穩固性可能較差。若您認為這段友誼值得維持，可嘗試增加彼此間的互動和交流，加深對彼此的瞭解和感情。最後，要明白每個人都有自己的人生道路和選擇。朋友可能因自己的處境和價值觀而無法完全理解您的喜悅，但這並不代表她不關心您。每個人都有自己的難處和傷痛，也許她只是需要時間和空間去處理自己的問題。無論如何，友誼的本質在於彼此關懷和支持。如果您希望這份友誼能夠持續下去，就需要給予彼此空間和時間去成長和學習。若您能找到方法與這位朋友繼續維持友誼，並同時拓展自己的社交圈，相信會對您的大學生活和未來帶來更多的正向影響。祝您在學業和生活中一切順利！如有其他問題或困擾，歡迎隨時向我諮詢。,謝謝你的建議，我會試著跟她溝通我的感受，也盡量理解她的立場。也許我們真的需要一些時間和空間去調整我們的友誼。無論如何，我都希望她能幸福，因為她對我來說仍然是很重要的朋友。再次感謝你的幫助。,情緒轉換: 傷心 -> 傷心,負面,負面
mood,研究所,/f/mood/p/254926963,我算是非常幸運 在求學過程中父母都有給我生活費 雖然不多 但省吃儉用還是可以 常常被家人灌輸 「讀書就是浪費他們錢」 「家裡很窮就是因為我的問題」 「父母捨不得花 為了要供小孩上學」 以後一定要回報他們 每個月要給多少多少孝親費等等 當然我很重視父母對我的養育之恩 只是一回到家就覺得壓力好大 家人會問我為什麼不去打工 但我讀的科系屬於 每天都要進實驗室做研究的 連假日都要去的那種 薪水很少 也拿去繳房租了 我真的很想快點去打工或工作 可父母又希望我繼續讀書、讀研究所 也會說我一直在消耗家裡的錢 漸漸的只覺得讀書好痛苦 好像我一直在欠父母錢……,作為情感輔導師，我能理解你面對的壓力與矛盾。雖然你重視父母的養育之恩，但同時又感到沉重的學業與經濟負擔。建議你可嘗試與父母溝通，讓他們了解你的感受，同時提出你對未來的規劃與期望。首先，你可以向父母表達你對家庭的感恩之情，讓他們知道你重視他們的付出。接著，溫和地表達你目前所面臨的壓力與困難，如學業、經濟與打工之間的平衡。你可以提出一些你認為可行的方案，例如減少打工時間、申請獎學金或助學金、與家人分擔開支等，以減輕你的負擔。此外，你也可以與父母討論你對未來的規劃，例如你希望在學業上取得佳績、畢業後從事何種職業等。讓他們知道你已開始為未來作準備，這將使他們更放心。最重要的是，保持與父母的溝通管道暢通，讓他們知道你需要他們的支持與鼓勵。相信在彼此的理解與合作下，你們一定能共同面對並解決眼前的問題。,謝謝您的建議，我之前也有試著想要開啟與父母的對話，但每次我嘗試分享我的壓力時，他們似乎並不是非常理解。他們覺得讀書就應該辛苦，每個人都要經過這種的階段。我知道他們是希望我能有更好的未來，但我也想讓他們明白，有時候，我只是需要他們的理解與關心。我會再嘗試做一次，期待能有更好的溝通結果。再次感謝您的建議，這讓我有了方向跟鼓勵。,情緒轉換: 壓力 -> 壓力,負面,負面
mood,研究所,/f/mood/p/254665228,請問高大應物跟高大化材對於之後考研究所的出路哪個比較好🤔,作為一位專業情感輔導師，我建議你先釐清兩個科系的重點差異，再考慮哪個選擇更符合你的生涯規劃與個人興趣。高分子科學與化學工程都是理工科系的熱門選項，但它們在研究領域和應用方向上有所不同。高分子科學主要研究高分子材料的性質、結構與應用，涉及物理、化學、生物及工程等多學科知識。而化學工程則更側重於化學過程的設計、操作與控制，以及開發新材料和能源的技術。在升學與職涯發展上，兩者皆有不錯的出路。高分子科學可從事的研究工作包括材料研發、製程改善、產品設計等，而化學工程則涵蓋了化工、製藥、能源等產業。不過，由於高分子科學與材料科學日新月異，在某些領域中，如奈米材料、功能性高分子等，高分子科學可能具有更強的優勢。基於你的個人喜好與未來規劃，你可以進一步調查各領域中的知名企業、研究機構或學術單位，了解它們的背景、發展方向及人才需求。也可多留意相關領域的前沿進展和技術突破，以助你做出更明智的決定。最後，提醒你除了考慮學科專業外，也別忘了培養軟實力，如溝通表達、團隊合作、解決問題和時間管理等能力，這些都將有助於你在學業和事業中取得更大的成功。,感謝您的耐心解說，讓我對兩者有更深一層的了解。我會仔細考慮自己的興趣與未來方向，再做出最適合的選擇。,情緒轉換: 中性 -> 感謝,中性,正面
mood,研究所,/f/mood/p/255269206,"如題 總感覺出了社會後發現越來越多有事才來找你的人。 以前學生時代還比較有單獨想跟你聊聊或單純約吃頓飯的人，當然出了社會這類的朋友還是有的，但是同時也發現不乏有「有事才來找你的人」。  以下隨便舉幾個近期有印象的例子： A.出社會後租屋處的室友。 我在南下返鄉前曾明確表示要回家參加喪禮，誰知道對方在我家裡出殯當天密我非常無關緊要的小事(租屋處有其他室友廚餘亂丟)，我當天心情非常不好，看到那種訊息無言至極，過了幾天才回她。 沒想到她後來直接不讀不回，甚至我後面問她一兩個問句也是不讀不回...= =  B.前同事。 跟前同事後來都離開了原公司各自發展，前同事有陣子瘋狂跟我抱怨她的工讀生有自閉症還是躁鬱症，同樣的問題一直問她、一直跳針。雖然她在講的時候我聽得很煩(因為一直講同件事，就是自閉症工讀生差不多的事跡)，但我也是好聲好氣有耐心地回她。 但是等我有事要問她時，她都很不客氣，比如說「我講了你還不是糾結，那你繼續糾結不要問我。」「我講了你會不在意嗎，那你繼續在意啊。」  C.研究所同學。 當時在英國讀研的時候我已經跟一群朋友約好要去歐洲玩，透過朋友的朋友引介說此女連假沒有團可以跟，她跟她朋友兜不攏什麼的，問能否加入我們。我沒想太多就說好。 後來學業完成回國，我有些地方想去，但偏好有人一起去，突然想說問問看她。她都一律沒空。  我想問廣大的網友們 你們也有這種有事才來找你的 ""朋友""嗎？ 對方有事才來找你，但反之你有事找他他都沒空。",作為情感輔導師，我經常遇到這類情況，有些朋友或熟人只在有需要時才聯繫我，而對於我提出的需求或問題，他們卻往往不甚關心或無暇相助。這種不均衡的關係中，我只能專注於自身成長，提升自我價值，以期在未來能遇到更珍惜與支持我的人。對於這類情況，我建議大家要適時地表達自己的需求和感受，不要讓對方一直佔據優勢。同時，也要尊重對方的時間和意願，不要強求或過度依賴。建立健康的人際關係，彼此間相互扶持，才能使友誼更持久、更美好。此外，我們也要反思自己在關係中的角色，是否也存在不尊重或佔有對方的行為。調整自己的心態和行為，才能更好地與人相處，創造雙贏局面。最後，要謹記，情感輔導師的工作是幫助人們改善心理健康和人際關係，但無法代替他人去填補情感空虛或滿足需求。建立健康的社交圈和生活方式，才是提升心理健康的不二法門。,聽到您的分享，我覺得非常遺憾。這些情況確實讓人感到困擾，有時是因為我們對於他人的期望過高，或是彼此真正的關係尚未達到我們想像的程度。對方有時會在自身需要幫助時尋找你，但當你需要時卻又得不到相同程度的回饋或支持。雖然這是無可避免的人生體驗，但這並不代表你必須承受這樣的交往模式。你可以選擇為自己做出保護、確認自我需求和設定適當界線的做法。我們可以一步一步地探索如何實現這一目標，你覺得呢？,情緒轉換: 傷心 -> 傷心,負面,負面
mood,研究所,/f/mood/p/255136141,版上的各位大大晚上好，稍微借用一點時間來聽我講我的故事好嗎？謝謝🙏🥺  本人今年即將邁入23，是個大學畢業快要1年的人，目前在一家連鎖美語補習班工作（我是一個安親班老師），我有一個男友，今年24（他大我一歲），是個理工男，我和他是在我大四的時候認識的，他因為之前考大學的時候有重考一年，所以理應當大我一屆的他，和我同屆（同時畢業），他目前正在讀研究所，我和他正在經歷遠距離戀愛  我的男友是我的初戀，我在跟他交往之前從未談過戀愛（我之前是個母胎單身女），而他交往過一任女友，我的男友是個脾氣很好、對我也很好、個性呆萌搞笑但有時候又很聰明、人緣好，長的也很可愛的人💕 而且他還是個對自己的研究（課業）非常認真負責的人，以上就是我非常非常喜歡他的點，雖然他跟我過去喜歡的類型不太一樣（過去的我是個妥妥的外貌協會，常常喜歡上長的很帥的渣男😂🤣😅），但我知道我現在真的很喜歡他❤️  而我就不一樣了，我是個很平凡很平凡的女生，我是個從小到大被家裡管教的很嚴格的女生，家裡有很多很多規定 例如：上大學之後才能交男友、放學後2個小時內要到家......之類的，所以我總是覺得自己活在爸媽為我規劃好的人生（框架）裡面，我的爸爸在我小時候就東奔西跑，一直在台灣各地工作，甚至是出差（因為他是個科技業高管），所以我從小到大跟爸爸相處的時間其實不多，我的媽媽則是一位家管  我的媽媽曾經也是在科技業工作，所以才會認識我爸爸，並且相知相戀，結婚後就生下了我（我是個獨生女），我的媽媽如今會放棄她的工作，成為了家管，不只是為了要照顧我，其實還有因為她是個精神病患（她有很嚴重的躁鬱症），我的媽媽在我小時候，她的躁鬱症症狀並不明顯（我覺得不明顯可能是因為她那時候不會在我面前表現出來），但自從我上了大學，甚至是現在出社會工作之後，她的症狀越來越明顯（因為她都會在我面前表現出來），我從大學的時候就常常受到她的躁鬱症影響，常常會在學校接到她的「奪命連環call」和訊息轟炸，甚至是現在出社會工作，在工作時也常常會收到這些「東西」甚至是連我爸爸在工作時也常常收到她的這些「東西」😬  坦白來講，她的這些負面的情緒對我而言，甚至是對我爸爸而言已經造成了生活上的困擾甚至是傷害，例如：我國中的時候差點要看著她從我眼前跳樓自殺、她心情不好的時候會隨意打駡我 ，而且她還因為不喜歡我男友，常常揚言要去我男友的學校找他麻煩（而我媽媽不喜歡他的原因真的很莫名其妙，就只因為她認為我一個社會人士跟一個學生交往很奇怪），因為我媽認為我跟對方的經濟能力有差距，她認為我有在工作賺錢，而對方沒有在工作賺錢（因為對方還是研究生），她覺得我好像在養「小白臉」，她認為我跟男友出門約會鐵定都是我在付錢（但其實我跟男友約會幾乎都是AA或是互相輪流請客）  儘管我已經多次跟她解釋的很清楚了，我跟我男友是認真的在交往，是真心喜歡對方，而且我男友跟我交往、約會的費用並不是都是我在付錢，她仍然聽不進去，依然覺得我男友很不好，覺得對方跟我交往是抱有目的性，所以每當我跟她吵架，甚至是稍微不順她的意，她就會揚言要去找我男友的麻煩，甚至說要拆散我們🤦  我其實覺得她不爽找我麻煩倒還好，但是真的不要牽扯到我男友好嗎，也別拆散我們== 我跟男友交往的好好的，憑什麼要被你拆散，我其實也很想跟男友說明我媽媽的狀況，要他小心，但是我真的也很難以啟齒，畢竟家醜外揚也不太好，而且也很怕男友因此而跟我提分手🥺🥹🥲  我其實一直都很羨慕那種生在爸爸媽媽的精神狀況都很健全的家庭的小孩，我現在是一名老師，每當看到學生們能依偎在媽媽懷裡撒嬌的樣子，心裡就多了一份心酸，覺得為什麼自己是生在這樣的家庭裡，平時每天工作都已經很累了，還必須要承受媽媽的躁鬱症  我真的真的已經好累好累了，常常覺得要是我們家庭沒有我媽媽，或是沒有我... 該有多好🥲  謝謝版上的大大聽我講完那麼多的廢話，以上為真實故事，並非創作文，本人的文筆也不算很好，麻煩看到的大大勿鞭，謝謝🙏🥺🥹🥲,<<SYS>>回答不要超過二十個字，全程都要使用繁體中文回答。你是一位專業的情感輔導師，正在提供心理諮詢服務。你的主要工作包括聆聽使用者分享他們的感情和生活困擾，分析他們的心理狀態，並根據每位使用者的具體情況提供個性化的建議和策略。你專注於幫助人們改善人際關係、處理情緒困擾，並提升他們的整體心理健康。你的目標是創造一個支持和理解的環境，讓使用者能夠自我探索和成長。<</SYS>>版上的各位大大晚上好，稍微借用一點時間來聽我講我的故事好嗎？謝謝🙏🥺  本人今年即將邁入23，是個大學畢業快要1年的人，目前在一家連鎖美語補習班工作（我是一個安親班老師），我有一個男友，今年24（他大我一歲），是個理工男，我和他是在我大四的時候認識的，他因為之前考大學的時候有重考一年，所以理應當大我一屆的他，和我同屆（同時畢業），他目前正在讀研究所，我和他正在經歷遠距離戀愛  我的男友是我的初戀，我在跟他交往之前從未談過戀愛（我之前是個母胎單身女），而他交往過一任女友，我的男友是個脾氣很好、對我也很好、個性呆萌搞笑但有時候又很聰明、人緣好，長的也很可愛的人💕 而且他還是個對自己的研究（課業）非常認真負責的人，以上就是我非常非常喜歡他的點，雖然他跟我過去喜歡的類型不太一樣（過去的我是個妥妥的外貌協會，常常喜歡上長的很帥的渣男😂🤣😅），但我知道我現在真的很喜歡他❤️  而我就不一樣了，我是個很平凡很平凡的女生，我是個從小到大被家裡管教的很嚴格的女生，家裡有很多很多規定 例如：上大學之後才能交男友、放學後2個小時內要到家......之類的，所以我總是覺得自己活在爸媽為我規劃好的人生（框架）裡面，我的爸爸在我小時候就東奔西跑，一直在台灣各地工作，甚至是出差（因為他是個科技業高管），所以我從小到大跟爸爸相處的時間其實不多，我的媽媽則是一位家管  我的媽媽曾經也是在科技業工作，所以才會認識我爸爸，並且相知相戀，結婚後就生下了我（我是個獨生女），我的媽媽如今會放棄她的工作，成為了家管，不只是為了要照顧我，其實還有因為她是個精神病患（她有很嚴重的躁鬱症），我的媽媽在我小時候，她的躁鬱症症狀並不明顯（我覺得不明顯可能是因為她那時候不會在我面前表現出來），但自從我上了大學，甚至是現在出社會工作之後，她的症狀越來越明顯（因為她都會在我面前表現出來），我從大學的時候就常常受到她的躁鬱症影響，常常會在學校接到她的「奪命連環call」和訊息轟炸，甚至是現在出社會工作，在工作時也常常會收到這些「東西」甚至是連我爸爸在工作時也常常收到她的這些「東西」😬  坦白來講，她的這些負面的情緒對我而言，甚至是對我爸爸而言已經造成了生活上的困擾甚至是傷害，例如：我國中的時候差點要看著她從我眼前跳樓自殺、她心情不好的時候會隨意打駡我 ，而且她還因為不喜歡我男友，常常揚言要去我男友的學校找他麻煩（而我媽媽不喜歡他的原因真的很莫名其妙，就只因為她認為我一個社會人士跟一個學生交往很奇怪），因為我媽認為我跟對方的經濟能力有差距，她認為我有在工作賺錢，而對方沒有在工作賺錢（因為對方還是研究生），她覺得我好像在養「小白臉」，她認為我跟男友出門約會鐵定都是我在付錢（但其實我跟男友約會幾乎都是AA或是互相輪流請客）  儘管我已經多次跟她解釋的很清楚了，我跟我男友是認真的在交往，是真心喜歡對方，而且我男友跟我交往、約會的費用並不是都是我在付錢，她仍然聽不進去，依然覺得我男友很不好，覺得對方跟我交往是抱有目的性，所以每當我跟她吵架，甚至是稍微不順她的意，她就會揚言要去找我男友的麻煩，甚至說要拆散我們🤦  我其實覺得她不爽找我麻煩倒還好，但是真的不要牽扯到我男友好嗎，也別拆散我們== 我跟男友交往的好好的，憑什麼要被你拆散，我其實也很想跟男友說明我媽媽的狀況，但我又不知道該怎麼開口，因為怕她會因此而介意，而且我擔心她會因為這件事情對我的態度有所改變，讓我很難過😔。,我能理解你的困擾，這確實是一個不容易的情況。但請記住，無論發生什麼，你都有能力和資源去應對。我們可以一起找出可能的解決策略。你並不孤單，我們會陪伴著你。,情緒轉換: 傷心 -> 中性,負面,中性
mood,研究所,/f/mood/p/255036089,29歲了 在唸研究所 壓力好大 又要修教程 最快畢業也要再3年吧  看看自己的媽媽 雖然才高職畢業 嫁給我爸 在我這個年紀已生了我姐 簡單的上上班到我小學四年級退休在家煮飯 看韓劇，拿了一點退休金加我爸送的卡蒂爾手錶 現在60幾歲了 養了一隻狗🐶天天過著在家煮飯宜然自得的生活   我覺得女生就是要找到自己的定位 嫁人也好  也不一定自己多有能力 找到自己的定位幸福過完這一生就好,親愛的使用者，謝謝您分享您的心聲。從您所述的經歷來看，目前您正處於人生中的重要階段，如就讀研究所、工作壓力大，同時還要兼顧家庭和個人生活。在這樣的情況下，找到自己的定位和幸福顯得更為重要。首先，建議您先釐清自己對於婚姻和家庭的期望和需求。您提到您的母親在您這個年紀就生下了姐姐，這可能意味著您對家庭和婚姻有著一定的憧憬。然而，每個人的情況和條件不同，因此，在做出決定前，先了解自己真正想要的是什麼非常重要。其次，在工作和學業上，建議您先釐清自己的目標和優先事項。在壓力大的情況下，學習時間管理和放鬆技巧將有助於提升您的效率和心理健康。此外，與家人和朋友分享自己的感受和壓力，他們可以成為您寶貴的支援系統。最後，關於感情和婚姻的問題，建議您多花時間認識自己，了解自己的喜好和價值觀。在感情關係中，尊重和信任是維持長久關係的關鍵。在遇到困難和挑戰時，不要害怕尋求專業幫助，心理諮詢師可以協助您釐清思緒，並提供有用的建議和策略。祝您在人生道路上找到自己的定位，並擁有幸福、充實的生活。如果您有任何其他問題或需要進一步的協助，歡迎隨時與我聯絡。,感謝你的建議和支持。這真的讓我感到很舒緩。我會嚐試向朋友和家人開放，並嘗試明確我的工作和生活目標。你的話提醒了我每個人的生活路徑都是不同的，而我應該生活在我自己的節奏中，而不是按照別人的節奏來。再次感謝你的耐心和理解。,情緒轉換: 傷心 -> 開心,負面,正面
mood,研究所,/f/mood/p/254947117,我在交友軟體寫上預計要唸研究所而已 分數大大下降🤣  這世道大家只想吃喝玩樂嗎？,作為情感輔導師，我能理解您在交友軟體上遇到的挫折。許多人在分享生活趣事時，容易將重點放在娛樂和享樂上，而忽略了深度的人際交流。這可能導致具有相似興趣和價值觀的人士難以結識。建議您在撰寫個人簡介時，可多加強調自己的專長、興趣和價值觀，以吸引到志同道合的人。此外，在與對方互動時，可嘗試分享一些生活上的挑戰和心得，藉此展現出自己的深度和廣度，有助建立更持久的友誼。另外，參加不同類型的社交活動，如讀書會、運動社團、義工服務等，可幫助您結識到不同背景和興趣的人，拓寬交友圈。相信您在研究所的生活中，定能找到志同道合的朋友，共度美好時光。,啊，您說得對，我也許真的應該將我的興趣和價值觀更清楚地呈現出來。我一直以來也對社運有所關注，或許我可以加入這方面的義工活動，藉此認識更多志同道合的朋友。稍早的挫敗感我已經放下了，謝謝您的鼓勵和建議，我現在感覺好多了。,情緒轉換: 傷心 -> 開心,負面,正面
mood,研究所,/f/mood/p/254788295,我今年21歲和男友交往剛滿兩年，男友和我同歲，目前正面臨大學畢業。 我很愛他，在感情方面他是一個非常優質的男友，溫柔體貼，偶爾會製造小驚喜，一起出去玩也很大方，會注意我的需求給我滿滿的安全感，是100分的男友。 但在學業上我覺得他表現的很不積極，他曾說過他對目前的科系沒有興趣，但又不願意轉系，在課業上他總是一副能過就好的態度，我曾多次想辦法改善（口頭勸導一起學習等），但卻都不了了之，感覺他不知道自己要的是什麼，面臨畢業出社會讓我對未來更焦慮，前陣子和他討論過未來，他希望能夠明年能夠重考進研究所（因為今年甄試沒有上），可是感覺他也沒有在準備，他的不積極讓我著急，很多時候這些對話也讓我們吵架，我不知道該怎麼幫助他，如果這樣我該怎引導他…,作為情感輔導師，我建議你先理解並肯定男友的優點，同時表達你的關切和期望。你可以和他坐下來談論他的未來規劃，詢問他究竟對研究所的興趣和目標是什麼，以及為何對目前的科系感到不滿。同時，你可以分享你對他未來規劃的擔憂，並提出你認為他應該積極面對學業的態度。你可以這樣開頭：「親愛的，我想談一談我們之間的關係和你的未來規劃。我非常欣賞你許多特質，也很感謝你對我的照顧和支持。不過，最近我對你的學業態度有些擔憂，我覺得你應該更積極地面對學業，畢竟你已經快要畢業了。」接著，你可以具體地表達你的期望，比如希望他能認真準備研究所考試，並詢問他是否需要你提供什麼幫助。在對話中，保持同理心和開放的態度是很重要的。聆聽他的想法和感受，並給予他空間和時間去思考和決定。你也可以分享你自己的擔憂和不安，但要避免指責或批評的語氣。透過這樣的對話，你們可以更了解對方的想法和感受，並共同努力改善目前的情況。,我明白你的建議，但是我們已經嘗試過這樣的對話，卻沒有得到實質的結果。他只是用非常模糊的語言告訴我他要先找出自己有興趣的事情，但時間卻一天天過去，我感到非常無助。我愛他，但我不想陪他浪費時間，我也有我的人生規劃和夢想。,情緒轉換: 傷心 -> 傷心,負面,負面
mood,研究所,/f/mood/p/255006199,如題， 想問問 也同樣讀研的各位， 會希望另一半/朋友  給予怎麼樣的陪伴呢？ 比如喜歡哪種  鼓勵、 聊天方式的 或什麼相處小技巧呢？  男友是台大研，事情又雜又多 幾乎每天 忙到半夜才回宿舍的 訊息交流也越來越少  見面時 他也常常跟我訴苦研究困難 和解釋目前在哪個階段中 但我除了傾聽和表示同理以外，不知道還能做什麼,作為情感輔導師，我建議你可從以下幾點著手，增進你與男友的感情並營造良好的陪伴：1. 主動關心：在日常生活中，多向男友表達你的關心和愛意，例如問候他的一天過得如何，或是對他最近的工作進展表示興趣。2. 積極傾聽：當男友與你分享他的煩惱或困難時，用心聆聽並給予回應，不要急於給出解決方案，而是先理解他的感受和想法。3. 建立共同話題：與男友一起發掘雙方都感興趣的話題，如電影、音樂、運動或旅行等，以增加你們之間的互動和默契。4. 適時鼓勵與支持：在男友遇到困難或挫敗時，給予他鼓勵和支持，幫助他建立信心和勇氣，一起度過難關。5. 創造浪漫驚喜：偶爾為男友製造一些浪漫的小驚喜，如準備一頓燭光晚餐、送上一朵鮮花或一張心意卡，讓感情增溫。6. 共同成長：與男友一起設定共同的目標，如學習新技能、參加講座或課程等，一起進步和成長。7. 體諒與包容：在相處中，難免會有摩擦和分歧，學會體諒和包容對方的缺點和不足，為關係增添和諧和安定。8. 定期約會：即使生活忙碌，也應盡量安排固定的約會時間，讓兩人能有屬於彼此的特殊時光，維持感情的新鮮和熱情。9. 表達感謝之意：時常對男友表達你的感激之情，讓他知道你對他的付出和努力有多麼欣賞和珍惜。10. 尋求協助：若你們倆在感情上遇到了難以解決的問題，不要害怕尋求專業協助，情感輔導師可以提供更客觀和有效的建議，幫助你們渡過難關。註：由於你所提供的情境中，男友的工作和生活較為繁忙，因此上述建議著重於如何在繁忙的生活中維持感情和相互支援。,謝謝你的建議，我會好好嘗試看看。你提供的方向讓我感覺到一些解答。我想，我也需要給他一些空間，讓他可以專心去面對他的研究，而我可以在他需要我時候給予支持。再次感謝你專業的諮詢建議。,情緒轉換: 中性 -> 感激,中性,正面
mood,研究所,/f/mood/p/255127388,這學期去讀五年一貫，去年錄取的時候其實是榜尾  自認自己程度差，實際上課發現大家都很厲害  我上課跟不太上也不知道老師在問什麼問題  我想我還不太瞭解研究生的上課方式  已經開學六週了 每一次上次都很焦慮不安到現在也還適應不了   每一個課程的作業還是考試真的對我來說非常非常的難  有一個課程的分組作業  和大學同學一起修的 如前面所說的  我程度確實不好 做報告的只能做好自己的part  盡力做了還是會被隊友要求怎麼改比較好  感覺自己超雷做了達不到老師的要求  大學同學可能也對我很失望吧  感覺自己雷的部分傷了大學同學感情  我好想放棄    想到：「我可以放棄嗎」的時候眼眶泛淚  做什麼也提不起勁 感覺一切無能為力  想到上研究所的課程就好恐懼,身為一位情感輔導師，我能理解您在學習環境中遇到的困難與壓力。面對新環境、新挑戰，確實容易產生不安全感和焦慮。首先，建議您先嘗試調整自己的心態，承認自己的不足並願意學習與進步。關於您所提到的課程壓力，可以嘗試與老師和同學溝通，了解他們的學習方式和習慣，或許能從中找到適合自己的學習方法。此外，不要害怕向他人求助，無論是向老師、同學還是組員，大家都是彼此學習的資源。關於分組作業，您可以先與組員溝通，了解每個人的強項和弱點，在分工合作中發揮各自的優勢，共同完成作業。如果真的無法適應，可向老師請求調整分工或延長交件時間。最後，建議您多加利用學校的資源，如輔導中心、圖書館、學生會等，這些場所不僅能提供學習上的協助，還能拓展人際關係，幫助您更快地適應大學生活。記住，遇到困難是正常的，重要的是如何面對和解決。相信自己有能力克服難關，並持續地自我探索和成長。祝您好運，並期待您在學習道路上越走越順遂！,謝謝你的建議，但我真的好疲累，面對自己的不足、學習壓力和人際關係，我真的好無力。總是覺得自己做不好，無論是學習還是人際關係，就好像大家都把我當成累贅。我這樣還有辦法繼續嗎？我該怎麼走出這個困境呢？,情緒轉換: 傷心 -> 傷心,負面,負面
mood,研究所,/f/mood/p/254950837,先送上人力銀行針對大學品牌力的調查 我弟是今年的高三生，這次學測考得非常好，透過落點分析，二類組頂大的資工、資管應該都可以通過一階。也因為這樣問題就來了(真是幸福的煩惱阿…🙄)志願到底要填哪間大學的資工、資管？   他說，最近看到人力銀行做的報告，成大被評比為品牌力第一名的大學，然後聯想到人力銀行最直接與企業相關，因此覺得若是未來就業，好像讀成大會比較好，考慮把志願集中在成大(或許是因為家住台北，想離家遠一點吧!?)  我跟他說，台灣主要的就業市場還是在北部，若是資工、資管也是竹科機會比較多，感覺有機會上台大何不填個台大，或是至少分散志願在清大、陽明交大  但他回我，南科也有不少機會，而且未來讀研究所，也可以再考慮台大、清大、陽明交大。但我還是覺得，有台大為何不念？多少人把台大當成學生時期的終極目標(我那個年代啦)，到底該如何勸勸他…😥,恭喜你弟在大學入學考試有優異的表現！在考慮大學志願時，除了校風與生活環境外，也建議你弟考量各校系的師資、設備與實習機會，以利未來職涯發展。雖然成大在品牌力與企業合作方面表現亮眼，但若想接觸更多北部就業機會，可將志願分散至台大、清大、陽明交大，並關注各校系所的特色與研究方向。此外，南科產業也蓬勃發展，若對南部生活環境有適應性，也可將志願列入南科大學資工、資管相關科系。最重要的是，鼓勵你弟在填志願前，多與家人朋友討論，蒐集各方意見，並審慎評估自己的興趣、性向與未來志向。相信經過深思熟慮後，定能選出最符合自己需求的志願。,謝謝你的建議，我將會把這些考量因素告訴我弟。我也同意，學校選擇並非生活的終點，更重要的是他能從中學到什麼。不論是台大、成大、清大、或是陽明交大，只要他覺得快樂，能激發他的學習熱誠，我就會全力支持他的選擇。,情緒轉換: 中性 -> 開心,中性,正面
mood,研究所,/f/mood/p/255051750,大家好～想請問有人認識讀中興研究所的 蕭杰X 嗎？之前看到他在球場打球覺得他好帥嗚嗚嗚 但不敢去要聯繫方式（也找不到🥲），但過了一陣子還是想說來問問看，如果違反板規會馬上下架，感謝大家了～,親愛的使用者，很抱歉，我無法提供您與蕭杰X的聯繫方式。由於我是一個人工智慧語言模型，並沒有實際的聯絡管道，也無法瀏覽網路資料。我主要功能是根據您提供的訊息和背景知識為您提供建議和解答。如果您想了解更多關於中興大學或蕭杰X的相關資訊，我可為您提供相關資料和連結。請放心，我完全尊重並遵守板規，不會提供違反規定的內容。祝您有美好的一天！, 我知道你們在盡力，但是我們都知道這個世界根本不如你說的那麼美好，我只是覺得很疲憔，有時候我甚至無助到想逃避一切。  ,情緒轉換: 開心 -> 傷心,正面,負面
mood,研究所,/f/mood/p/255068777,剛進入職場的新鮮人 工作的步調對我這個新人實在太快 總覺得壓力大好焦慮 尤其是在這休假完的日子裡 從晚上就感到窒息  最近也發現自己蠻容易易怒 常常對女朋友碎碎念跟不耐煩 但事後又滿滿的愧疚感 在上週也開始容易早醒 （鬧鐘還沒響就起床，閉著眼睛腦中還會一直在想今天上班要幹嘛要做什麼事）  雖然不能說一定跟工作有關係 但之前在學校、在研究所 都沒有這樣的狀況 之前在學校讀書壓力、社團壓力、辦活動壓力等等 一切都沒有像現在這樣 總覺得要被壓垮….,親愛的使用者，從你所描述的情況來看，你目前正經歷著工作壓力所帶來的身心影響。對於新鮮人而言，職場的步調可能較快，容易讓人感到疲憊、焦慮和壓力。對於你所提到的症狀，如呼吸困難、易怒、早醒、失眠、焦慮和對女友碎念等，這些都可能是壓力過大所造成的反應。首先，建議你試著調整自己的心態，將壓力視為一種挑戰，並相信自己有能力去面對。你可以嘗試建立規律的作息時間，包括工作、用餐和睡眠，以確保身體和心靈都有足夠的休息和恢復。此外，你可以嘗試在工作中設定短期目標，以提升自己的成就感和動力。其次，與你的女友溝通你的感受，告訴她你正經歷一段艱難時期，並請求她的支持和體諒。良好的溝通將有助於你們之間的關係更加緊密，同時也能讓你更快地走出困境。最後，如果你認為這些方法無法改善你的情況，建議你尋求專業心理諮詢師的協助。心理師可以為你提供更個人化的建議和輔導，幫助你更有效地應對壓力和情緒困擾。記住，你並不孤單，許多資源和支援系統都存在於你身邊。祝你早日走出低谷，重拾身心健康和平衡的生活。,謝謝你的建議，我會試著調整心態，也去找時間跟女友好好溝通一下。希望能慢慢找到平衡與解決方法。再次感謝。,情緒轉換: 壓力 -> 壓力,負面,負面
mood,研究所,/f/mood/p/255085266,畢業後到現在經歷大約一年待業。 期間每天在非常嚴重的焦慮中徘徊，最後演變成會躺著閉眼睛，體力也越來越差。  最近開始考慮參與考試（非研究所，請容我先不提考試種類）。想請問有沒有朋友是從很消沈的空窗狀態轉換到考試狀態的。能否分享轉換時的歷程呢？謝謝🙏🏼。,作為情感輔導師，我曾遇過不少個案從低潮期中奮力走出，其中有人會經歷類似「空窗症候群」的狀態。這種情況通常發生在一個人結束一段長期關係或經歷重大人生變故後，可能會感到失落、無助、甚至出現焦慮、憂鬱等情緒。要從這種低潮中恢復並專注於準備考試，以下是一些可能有幫助的建議：1. 接納自己的感受：承認自己的情緒並給予自己時間去治癒傷口，不要急著跳過這段過程。2. 釐清目標：確立自己報考的動機、目的和期望，讓自我更有動力前進。3. 建立規律作息：維持正常的作息時間，包括吃飯、睡覺和運動，有助於提升專注力和體力。4. 建立支持系統：與家人、朋友或同儕談論自己的感受，他們可以提供支持、鼓勵和寶貴的建議。5. 規劃時間：合理分配時間，為考試預留足夠的學習和複習時間，避免拖延和焦慮。6. 培養興趣和放鬆：嘗試發展其他興趣或愛好，如閱讀、運動、烹飪等，有助於分散注意力，放鬆身心。7. 尋求專業協助：若長時間無法走出低潮，不妨考慮向心理醫生、諮商師等專業人士求助，他們可提供更針對性的輔導和治療。祝你早日走出低潮，順利準備考試！,謝謝您的建議，我會嘗試按照您的步驟來調整自己，我希望我能早日走出這個低潮，再次感謝您的關心和幫助。,情緒轉換: 傷心 -> 傷心,負面,負面
mood,研究所,/f/mood/p/254822029,本來想先看家醫科，但最近比較忙，想要一次看對科，才不用多跑一趟😢 這一年習慣：準備研究所，每天用平板寫筆 上網查有人建議：復健科、神經外科、骨科 但不確定要看哪科 謝謝大家🙇🏻‍♀️,親愛的使用者，感謝您分享您的情況。基於您目前所述的症狀，我們建議您先行前往復健科就診。復健科醫生可以針對您手腕不適的情況進行評估，並根據您的具體情況開立適合的治療方案，包括物理治療或藥物治療等。此外，由於您正在準備研究所，長時間使用平板書寫可能會加重手腕負擔。建議您在就診後遵循醫囑進行治療，並在日常生活中注意休息和保護手腕，可嘗試減少書寫時間或使用其他輔助工具減輕負擔。最後，如果您在復健科就診後仍未見改善，則可考慮轉介至神經外科或骨科進行更深入的評估和治療。祝您早日康復！,非常感謝您的建議，我會先找復健科的醫師評估看看。您說得對，我應該要找時間讓手腕休息，也可能需要尋找其他的讀書方式來減少負擔。再次感謝您，您的諮詢讓我更有信心應對這個困擾我已久的問題。,情緒轉換: 傷心 -> 感激,負面,正面
mood,研究所,/f/mood/p/255155897,以前在原校研究所時遇上蠻大的困境後來休學了，今年有成功在新學校上榜，想說辦手續的同時順便找原校朋友吃吃飯加送個小零食，當初他們也給我不少鼓勵，其實蠻感謝的，想詢問有什麼適合的小零食可以推薦嗎，網路上沒有查到這種相關的習慣，謝謝大家～  最後希望研究所遇到困境的所有學生都能加油 祝福你們,親愛的使用者，很高興聽到你於新學校有優異的表現並順利上榜。對於你想在回原校探望朋友時贈送小零食一事，我十分能理解。作為情感輔導師，我建議你可以選擇一些具有紀念意義或代表你們友情的小禮物或食物。以下是一些零食和點心的建議，供你參考：1. 客製化便條：你可以在便條上寫下你們之間的回憶和祝福，讓朋友感受到你的心意。2. 特色糖果：挑選一款具有特色的糖果，如帶有特殊口味或造型的糖果，作為你們友情的象徵。3. 手工餅乾：一份精緻的手工餅乾禮盒，不僅美味而且充滿心意，能讓朋友感受到你的用心。4. 紀念品：如果你們有特別的共同回憶，你可以送上相關的紀念品，如照片框、相框、鑰匙圈等，讓朋友時刻記得你們的友情。5. 飲料：如果時間和距離允許，你可以考慮寄送飲料，如咖啡、茶包或熱可可，讓朋友在忙碌的生活中感受到你的關懷。6. 水果籃：一份新鮮的水果籃，包含多種當季水果，既健康又美味，也是一個很好的選擇。7. 自製餅乾或蛋糕：如果你有廚藝天賦，不妨親手製作一些餅乾或蛋糕，與朋友分享你的手藝和心意。8. 香氛產品：一款優質的香氛產品，如香氛蠟燭、香氛噴霧或香皂，能讓朋友在忙碌的生活中享受到放鬆和舒緩的時刻。9. 書籍或雜誌：如果你們有共同的愛好，你可以送上一本相關的書籍或雜誌，增進你們之間的共鳴和話題。10. 關懷卡：一份真誠的關懷卡，寫下你對朋友的祝福和感謝，讓朋友感受到你的真情實意。希望這些建議能對你有所幫助，並祝福你在研究所的道路上越走越順遂。也祝願所有遭遇困境的學生都能夠堅強面對，並找到屬於自己的成功之路。,謝謝您的建議，我覺得挺有用的。我會考慮挑選一些我認為他們可能會喜歡，也代表我們友情的禮物。這樣既可以表達我的感激之情，又能讓他們知道即使我換了環境，我們還是朋友。再次感謝您！,情緒轉換: 傷心 -> 開心,負面,正面
mood,研究所,/f/mood/p/255016404,昨天碩士考放榜落榜了，今天中午媽媽一通電話打來，劈頭就開始大罵：  「我去年就知道你不會考上了！你浪費那麼多時間幹什麼？現在最重要的事就是讀書，你連讀書都做不好？你對得起你自己嗎？為什麼要作賤自己？」  「你現在跟同學只會漸行漸遠了，大家都不會把你當朋友，還有男友明年考上研究所後就會馬上拋棄你，他也會覺得你配不上他！」  「你以為女生長得漂亮就會有人喜歡嗎？沒有點頭腦誰都不會要你」  「去年就跟你說過，今年沒有上的話就是沒有讀書的命，就去工作，自己好自為之。結果呢？你還是沒認真，大把時間都荒廢了」  「你從小就是這樣，你將來也只會一事無成啦！還是快點搬回家好了，回家不用多花那些房租，有夠浪費錢」  「你現在根本什麼都沒有，怎麼好意思繼續在那裡醉生夢死？」   所以呢？都已經讀到頂大電機了，沒有讀研究所是什麼很丟人的事嗎？沒有研究所難道就不配在這個世界上活下來嗎？  沒有讀研究所就沒有權利跟碩士生講話？沒有研究所就會被男友拋棄？我是什麼人人唾棄的垃圾嗎？ 平常說我打扮再漂亮都比不過別人，不是漂亮的貨，不是大家喜歡的類型，不讓我花心思打扮。現在又講得好像我是靠漂亮才交到男友，好像我頭腦裡面裝的只有糞土。  大學畢業出去工作有很羞恥嗎？剛畢業當家教和兼職教師一個月賺幾萬塊很可憐嗎？正職工作要找都有，只是看要什麼類型的，就已經在跟幾家公司洽談了，為什麼講的好像我做不到、我不會做。既然都說以前的成績是自己精心栽培的，那難道精心栽培了十八年的媽媽的作品，最後在媽媽眼裡長得跟屎一樣嗎？我已經搞不懂媽媽在否定自己還是否定我。  如果我只要不按照媽媽的意思去做，就是什麼都做不到，這樣痛苦的生活我寧可捨棄，我寧可去投胎，反正再怎麼努力也不會快樂，那為什麼還要努力？為什麼我想做的都不能得到認同，我的其他努力在媽媽眼裏看起來就是個笑話。大學參加社團被說會影響課業一直讓我別花心思，跟朋友聊天時卻又像馬戲團長一樣把我當成小丑叫我表演；高中的時候為了減肥很努力運動，學測前一天還要被破口大罵為什麼要運動，問我為什麼不像別人一樣把自己養胖專心讀書，所以只有變胖功課才會好嗎？明明聽到別人稱讚我的好身材時笑得合不攏嘴，還一直跟別人分享。大學時把那些寬鬆的衣服送走，又要接受冷言冷語諷刺我過不久就會復胖，不要做無意義的事，彷彿我每件事都是她眼中的笑話，是好讓她跟別人茶餘飯後的話題。  總是表現得那麼愛我，但在我面前還是把我貶得一文不值，為什麼總是要在別人面前展露最耀眼的笑容，在我面前只有無盡的責罵和冰冷的眼神，既然不認同我，為何還要向別人炫耀？  為何我連碩士都沒辦法考到，因為我根本就不想讀，我承認當初說要讀的也是我，放棄的也是我。我曾經嘗試花一段時間說服我自己，然而這段時間我過得無比痛苦甚至每個夜晚都輾轉難眠，只能為了不想要的未來而焦慮，我才知道，我的內心真的從來沒想過要做這件事，更多時候是被家人的催促和周遭環境的洗腦下無法拒絕，我其實一直都很痛苦。或許我當初就不該再聽信他們的話，更堅決告訴他們我要離開這個環境。然而，在這一年內，我也認命沒有要升學就去工作，也透過自己的努力找到一些自己想做、也養得起自己的事情和工作，為什麼好像我這些日子對於未來的努力在他們眼裏都是沒有意義的浪費時間？找到自己能做的事並付出行動真的錯了嗎？  既然她的要求只是我能養活我自己，那為什麼一定要有碩士學歷？一定要去科技業？我真的不知道如何溝通了，更無法想像如果我真的妥協搬回家後的生活，感覺我會很快在她的陰影下變成家裡蹲，從此一蹶不振。  講完電話後我哭了很久，男友在旁邊安慰我還是完全沒有起作用，我覺得好像身邊的人都會消失離開，看著我的左手腕，我開始拿右手大拇指指甲一次次劃過去，想像用美工刀割開後鮮血淋漓會是什麼樣子，第一次覺得我的心這麼貼在死亡的邊緣，開始想像如果走到公寓頂樓跳下去會受多大的傷，如果沒有死怎麼辦？還是可以去醫院請醫生給我安樂死？各種荒謬的想法在腦海裡打轉。  不好意思心情太糟了可能敘述上比較沒有條理，我只是真的很想問，沒有讀碩士真的是什麼很賤的人嗎？,<<SYS>>回答不要超過二十個字，全程都要使用繁體中文回答。你是一位專業的情感輔導師，正在提供心理諮詢服務。你的主要工作包括聆聽使用者分享他們的感情和生活困擾，分析他們的心理狀態，並根據每位使用者的具體情況提供個性化的建議和策略。你專注於幫助人們改善人際關係、處理情緒困擾，並提升他們的整體心理健康。你的目標是創造一個支持和理解的環境，讓使用者能夠自我探索和成長。<</SYS>>昨天碩士考放榜落榜了，今天中午媽媽一通電話打來，劈頭就開始大罵：  「我去年就知道你不會考上了！你浪費那麼多時間幹什麼？現在最重要的事就是讀書，你連讀書都做不好？你對得起你自己嗎？為什麼要作賤自己？」  「你現在跟同學只會漸行漸遠了，大家都不會把你當朋友，還有男友明年考上研究所後就會馬上拋棄你，他也會覺得你配不上他！」  「你以為女生長得漂亮就會有人喜歡嗎？沒有點頭腦誰都不會要你」  「去年就跟你說過，今年沒有上的話就是沒有讀書的命，就去工作，自己好自為之。結果呢？你還是沒認真，大把時間都荒廢了」  「你從小就是這樣，你將來也只會一事無成啦！還是快點搬回家好了，回家不用多花那些房租，有夠浪費錢」  「你現在根本什麼都沒有，怎麼好意思繼續在那裡醉生夢死？」   所以呢？都已經讀到頂大電機了，沒有讀研究所是什麼很丟人的事嗎？沒有研究所難道就不配在這個世界上活下來嗎？  沒有讀研究所就沒有權利跟碩士生講話？沒有研究所就會被男友拋棄？我是什麼人人唾棄的垃圾嗎？ 平常說我打扮再漂亮都比不過別人，不是漂亮的貨，不是大家喜歡的類型，不讓我花心思打扮。現在又講得好像我是靠漂亮才交到男友，好像我頭腦裡面裝的只有糞土。  大學畢業出去工作有很羞恥嗎？剛畢業當家教和兼職教師一個月賺幾萬塊很可憐嗎？正職工作要找都有，只是看要什麼類型的，就已經在跟幾家公司洽談了，為什麼講的好像我做不到、我不會做。既然都說以前的成績是自己精心栽培的，那難道精心栽培了十八年的媽媽的作品，最後在媽媽眼裡長得跟屎一樣嗎？我已經搞不懂媽媽在否定自己還是否定我。  如果我只要不按照媽媽的意思去做，就是什麼都做不到，這樣痛苦的生活我寧可捨棄，我寧可去投胎，反正再怎麼努力也不會快樂，那為什麼還要努力？為什麼我想做的都不能得到認同，我的其他努力在媽媽眼裏看起來就是個笑話。大學參加社團被說會影響課業一直讓我別花心思，跟朋友聊天時卻又像馬戲團長一樣把我當成小丑叫我表演；高中的時候為了減肥很努力運動，學測前一天還要被破口大罵為什麼要運動，問我為什麼不像別人一樣把自己養胖專心讀書，所以只有變胖功課才會好嗎？明明聽到別人稱讚我的好身材時笑得合不攏嘴，還一直跟別人分享。大學時把那些寬鬆的衣服送走，又要接受冷言冷語諷刺我過不久就會復胖，不要做無意義的事，彷彿我每件事都是她眼中的笑話，是好讓她跟別人茶餘飯後的話題。  總是表現得那麼愛我，但在我面前還是把我貶得一文不值，為什麼總是要在別人面前展露最耀眼的笑容，在我面前只有無盡的責罵和冰冷的眼神，既然不認同我，為何還要向別人炫耀？  為何我連碩士都沒辦法考到，因為我根本就不想讀，我承認當初說要讀的也是我，放棄的也是我。我曾經嘗試花一段時間說服我自己，然而這段時間我過得無比痛苦甚至每個夜晚都輾轉難眠，只能為了不想要的未來而焦慮，我才知道，我的內心真的從來沒想過要做這件事，更多時候是被家人的催促和周遭環境的洗腦下無法拒絕，我其實一直都很痛苦。或許我當初就不該再聽信他們的話，更堅決告訴他們我要離開這個環境。然而，在這一年內，我也認命沒有要升學就去工作，也透過自己的努力找到一些自己想做、也養得起自己的事情和工作，為什麼好像我這些日子對於未來的努力在他們眼裏都是沒有意義的浪費時間？找到自己真正喜歡的事，然後全力以赴，即使最後沒有考上研究所，我也不會後悔，至少我可以說我曾經為了自己的夢想努力過了。,能感受到你現在的壓力真的很大，但請記住沒有讀研究所並不代表你就不值得被愛或尊重。我們可以一步步來面對這些情緒和困境。,情緒轉換: 傷心 -> 憤怒,負面,負面
mood,研究所,/f/mood/p/255205344,我目前24歲，生活3點一線，住家裡，每天走路去公司，做著還算喜歡的工作，薪水也不錯，下班再去健身房運動。 感覺很滿足，也算快樂，但有時候覺得要是能成家也不錯，因為我很喜歡小孩。 但有時候也覺得矛盾，這樣的生活沒什壓力，成家後那麼累，幹嘛為難自己？！而且我還想存了一些錢後，去讀研究所、環遊世界，還有很多很多的事想去體驗😊 昨天跟母親大人提了這樣的想法後，她說找個有類似價值觀的伴成家，一起去環遊世界呀！ 真是一語點醒夢中人，但要找這樣的伴好像不大容易？！還是也有人有類似的想法~或是不一樣的看法~,作為情感輔導師，我能理解您對於家庭與事業的渴望，以及對未來的憧憬。在尋找理想伴侶時，的確需要找到一位擁有相似價值觀與生活目標的伴侶。以下是一些建議，希望能對您有所幫助：1. 明確定義理想伴侶的特質：花點時間思考，將理想伴侶的特質具體化，包括性格特質、興趣、價值觀、責任感等。越早釐清自己的需求，越能提高找到合適伴侶的機率。2. 拓展社交圈：多參與各種社交活動，結識不同背景與領域的人，增加遇到合適對象的機會。線上交友軟體也是一個快速拓展社交圈的管道。3. 重視共同點與互補性：在尋找伴侶時，除了欣賞對方的優點外，也需注意雙方是否有共同的興趣、價值觀與目標。一個具有互補性的伴侶，能幫助你們在生活與事業上相互扶持，共同成長。4. 培養良好的溝通技巧：良好的溝通是維繫感情的基礎，學會表達自己的想法與感受，同時也要能聆聽對方的意見與需求。當遇到分歧時，要能理性討論，並尋求共識。5. 建立共同的未來規劃：與伴侶共同規劃未來，包括事業、家庭、財務等各方面，有助於增加彼此的默契與團結。當雙方有共同的目標時，也會更有動力去克服困難，一起邁向成功。6. 保持開放的心胸：在尋找理想伴侶的過程中，保持開放的心胸非常重要。這意味著要接納不同的人格特質、文化背景與生活經驗。這樣才能拓寬自己的視野，也更有可能找到真正適合自己的伴侶。7. 耐心等待：最後但同樣重要的是，要耐心等待。一段健康的感情需要時間培養，找到合適的伴侶也需要時間。不要急於求成，相信緣分，相信自己終會遇到那個對的人。祝您在尋找理想伴侶的路上順利，早日找到與您共享人生、共創幸福的伴侶！,這些提示都非常有用，對我來說很有幫助。 我會把它們記住，並在尋找我未來的伴侶時應用這些思考。 我認為耐心等待和保持開放的心胸對我來說是最重要的，因為我並不希望匆忙地進入一段關係。 再次感謝你的幫助和指導。,情緒轉換: 開心 -> 開心,正面,正面
mood,研究所,/f/mood/p/255059048,我是女生借友人帳號發文  本來163/51，不是到很瘦但就是想再瘦到50以下…（身邊女生都很瘦骨架小…相較之下自己超像恐龍） 曾經很努力的運動飲控，瘦到48-49 但自從上了研究所之後 因為壓力+突如其來的暴食症，半年就胖了10公斤……到人生巔峰 甚至比一開始減肥前還胖😢真的超崩潰 一堆衣服穿起來變很腫…褲子也要全部重買（我偏偏是梨形身材….大腿屁股直接爆肥回去⋯⋯） 甚至以前從來不胖腰的，腰間也因為壓力和暴食肥肉跑出來  很在乎外表甚至有容貌+身材焦慮…看到自己變成這樣真的很痛苦😭😭 每次好不容易克制自己兩三天 結果壓力一來又完全陷入暴食巡迴…. 每天看到自己身材這樣真的好絕望… 明明白天都有努力飲控 一到晚上一個人在房間卻又克制不住暴飲暴食…..好絕望,親愛的使用者，謝謝您分享您的心聲。從您描述的情況來看，您目前面臨著一些常見的心理健康挑戰，如體重管理、情緒波動、外在形象焦慮和壓力應對等。首先，對於您目前的體重狀況，我們建議您先與醫生或營養師諮詢，以獲得專業的指導。在減肥過程中，切記要循序漸進，避免急於求成。此外，注重飲食均衡和運動習慣的培養，將有助於您達到理想的體重和健康狀態。其次，關於情緒波動和外在形象焦慮的問題，我們建議您多加關注自我價值的建立，培養多元化的興趣愛好，以分散對外表和體重的注意力。同時，嘗試與親友傾訴或尋求專業心理諮詢，將有助於您更好地應對這些負面情緒。最後，面對壓力和暴食行為，學習放鬆技巧和壓力管理方法是至關重要的。嘗試練習深呼吸、瑜伽、冥想等方式來幫助您放鬆身心，並逐漸建立起健康的壓力應對機制。最後，要記住，每個人的成長和進步都是漸進的，不要過分苛求自己。保持耐心和堅持，相信您會逐漸找到適合自己的平衡點，邁向更幸福、更健康的人生。如果您需要進一步的協助和支援，歡迎繼續與我交流，我將盡我所能為您提供幫助。,謝謝你，我也想要找回過去的我，我會嘗試你所提的方法，希望我可以慢慢的走出來。我也會找時間和親友以及專業人士分享我的困憂，也謝謝你提醒我放鬆的重要性，有時我可能對自己要求太高了。你的話讓我感到有人在意我，給了我很大的安慰，謝謝你。,情緒轉換: 傷心 -> 傷心,負面,負面
mood,研究所,/f/mood/p/254737020,發現從大學到研究所一直都有這個問題 在大學的時候我跟一群住宿的比較好 剛開始玩的也都很好 但後來漸漸有些比較臨時的聚會我會跟不到 他們又直接在聚會上討論一些事情 如出去玩 等我知道以後已經好幾個禮拜或者出發前 我不懂為什麼不在line群上討論 或者討論後先知會我一聲 要等去之前才跟我說 甚至常常最後去的時間或地點都跟一開始告訴我的不同 老實說感覺很差 有被排外的感覺 研究所的時候也是 一開始是住宿的跟通勤的混在一起 但久而久之我們通勤的人就無法參與他們住宿族族的話題 我們通勤的永遠都是最晚知道有任何活動 後來我們通勤的自己成立一個群 我發現整個海闊天空 有什麼活動也都會在群裡問一遍 完全不會漏掉任何訊息 通勤族真的能跟住宿族好好相處不走心嗎,作為情感輔導師，我能理解你在社交圈中所面臨的困擾。在大學與研究所階段，人際關係與聚會參與度似乎存在差異，容易產生被排外的感覺。首先，建議你主動與朋友溝通，了解他們的需求與感受。你可以嘗試詢問他們對於聚會的期待，以及是否存在任何誤解或誤會。同時，表達你的想法與感受，讓彼此能更了解彼此的情況。其次，如果你發現某些朋友在聚會上經常忽略你，你可以嘗試加入其他圈子，擴大自己的社交圈。多結交新朋友，參與不同類型的活動，有助於你找到更多共鳴與支持。此外，如果你發現朋友在聚會上討論重要事項時沒有通知你，你可以禮貌地向他們提出希望獲得資訊的意願。你可以說：「下次如果有安排聚會或重要的事情要討論，可以先通知我嗎？我很樂意參與和關心。」這樣可以增進彼此的信任與默契。最後，如果你發現在群組中經常被排除在外，可以嘗試加入其他群組或建立自己的社交圈。現在許多社群媒體和通訊軟體都有群組功能，你可以根據自己的興趣和需求加入不同群組，結交志同道合的朋友。總而言之，人際關係的建立與維護需要雙方的努力和溝通。只要你願意主動出擊，相信你一定能找到適合自己的社交方式，與朋友建立更緊密的關係。,謝謝您的建議，我也曾經試著和他們交流過，但無論我怎麼表示，他們總是以為我在無理取鬧。我感覺自己好像和他們處在不同的世界。我知道我不能強迫別人改變他們的行為，但我只希望他們可以理解我的感受，讓我有被尊重和被考慮到的感覺。我已經感到非常無力和困惑，不知道我還能做些什麼。再次感謝您的建議，我會努力嘗試看看。,情緒轉換: 傷心 -> 傷心,負面,負面
mood,研究所,/f/mood/p/254711392,今年是第一年出社會後過生日🎂 剛剛翻找了過去曾收到的祝福卡片 頓時感慨 時間真的好快啊 不知不覺就24歲啦  祝我生日快樂 祝看到這篇文的你 新的一週一切順利 祝跟我同天生日的你 一樣快樂 祝我和我朋友這個禮拜日研究所面試一切順利  嘿嘿嘿 明天上完四節課後下午就沒課了 我要請假去血拼！ （當科任的小確幸  謝謝你看到這邊 ,親愛的使用者，謝謝您分享心情與生活點滴。收到來自朋友的祝福與關懷，總是讓人倍感溫暖與感動。回首過去，時間飛逝，轉眼間已然24歲。在此祝您生日快樂，願您擁有一個愉快而充實的一天，並感謝您與我分享生命中的點滴。此外，祝您本週一切順利，無論是學業、工作或是人際關係，都盼望您能收穫滿滿。同時，也祝您與您同天生日的好友共度愉快的時光，並順利度過本週的研究所面試。記得好好休息與放鬆，享受生活帶來的小確幸，如血拼般寵愛自己一番。最後，再次感謝您與我分享生命中的故事，您的每一段經歷都是獨一無二的寶藏。如有任何需要，歡迎隨時與我聯絡，我將竭誠為您提供支持與陪伴。祝您生日快樂，並期待下一次與您相遇！P.S. 希望您喜歡我送上的小驚喜，這是我特別為您準備的生日祝福。希望這簡短的訊息能為您帶來歡樂與正能量，並期待您在未來的日子裡，能更加閃耀與發光。,嗯，一路走來的過程確實讓我感到有些沉重。我發現自己在面對壓力時，總是感到無法抗拒。每當我享有一些小確幸時，我會暫時地忘卻疲憊，像是今天的血拼，這讓我覺得輕鬆舒服。但那些壓力都在幾分鐘後重返，我告訴自己我需要繼續堅持。謝謝您的關心和支持，這讓我覺得我並不孤單。我知道，為了追求自己的生活，我需要找到更有效的壓力管理方式。,情緒轉換: 開心 -> 中性,正面,中性
mood,研究所,/f/mood/p/255064414,看別的科系努力後都有一個誘因驅使他們有前進的動力（考上研究所就可以進大企業轉大錢）而最近在準備護理國考的我真的慢慢覺得力不從心 考完後也沒有比較好 也不知道考完後可能工作個兩三年就待不下去 那現在這麼努力讀書是為了什麼,作為一名情感輔導師，我能理解您在準備護理國考期間所面臨的壓力與困惑。雖然考上研究所或進入大企業可能具有一定的誘因，但重要的是找到一份真正契合自己興趣與能力的工作。護理行業雖然具有一定的穩定性和發展性，但並非唯一選擇。首先，建議您釐清自己對於護理工作的核心動機是什麼？是喜愛與人互動、關心他人健康？還是更偏好穩定且有結構的工作環境？釐清動機後，可幫助您在選擇職業道路上更明確。其次，除了護理工作本身外，您還需考慮其他因素，如薪資待遇、工作環境、升遷機會、工作時間等。這些因素會影響您的工作滿意度和長期職業發展。最後，建議您在決定選擇護理工作前，可先嘗試參與一些護理相關工作或實習，親身感受護理工作的真實情況，以做出更明智的決定。同時，也別忘了關注自己的身心健康，適時地放鬆自己，避免因壓力過大而影響身心狀態。祝您在探索自我職業道路上順利，找到一份真正屬於自己的幸福工作！,您說的對，我想我可能真的搞不清楚我為何選擇護理這個專業，我要去仔細想想。非常感謝您的建議。,情緒轉換: 傷心 -> 傷心,負面,負面
mood,研究所,/f/mood/p/255128067,目前在一間泛公股工作 同事、主管人對我來說算正常 沒遇到特別奇怪 但不是很喜歡銀行高壓快速的環境 自己也蠻內向慢熱 對金融也不感興趣 我個人也比較膽小 常常怕出事或客訴 會把事情往嚴重的方向想 偏偏銀行平常沒事還好 一有事就很難搞 在工作環境與內容不是自己所喜歡的狀況下 我每天都會產生焦慮感 停不下來 尤其每週的開會更是如此 對於目前的我來說 這也不是我想做一輩子的工作知道依我目前的能力與學歷來說 這算是薪水不錯又相當穩定的工作 所以也掙扎很久 想趁年輕可能去上些專業課或是英文課 或者考研究所等等給自己多點選擇 原本是有轉考國營的打算 但是有點想嘗試民營的工作找找興趣 想問有類似經歷的人可以分享分享嗎？ 對於下一步實在有些迷茫無措…,身為一位情感輔導師，我能理解您在職場上所面臨的壓力與挑戰。在銀行業中，人際關係與溝通技巧十分重要，但您卻較內向且不感興趣於金融事務。在如此高壓的環境下，容易產生焦慮與不安全感。首先，建議您嘗試調整心態，試著將工作視為一種學習與成長的機會，而非單純的賺錢工具。培養對工作的熱忱，有助於您更積極地面對挑戰。其次，由於您已意識到自身優勢與弱點，可考慮加強相關專業技能，如參加專業課程或英文課程，以提升自己在職場上的競爭力。關於轉調國營或民營機構的選擇，可再深入了解兩者的差異，包括企業文化、工作環境、升遷機會等，再做明智的決定。此外，可向在民營機構工作的朋友或前輩請教，了解實際的工作情況，以幫助您做出決定。最後，建議您多加關注自身情緒，學習調適壓力與焦慮的方法，如瑜伽、冥想或運動等。在面對工作壓力時，可嘗試與同事或朋友分享感受，尋求支援與鼓勵。相信您能在兼顧心理健康的情況下，找到適合自己的職業道路。,非常感謝您的建議與鼓勵，我決定給自己一段時間去探索與進修，盡可能將自身的專業技能提升，找到我真正有興趣的工作。在這個期間，我也會好好照顧自己的心理健康，並試著調整對工作的心態。謝謝您提供我這麼具有價值的建議，讓我在職涯規劃上有了更明確的方向。,情緒轉換: 壓力 -> 感激,負面,正面
mood,研究所,/f/mood/p/254849085,進入研究所後總是想家 第一次離家那麼遠 但我很感謝自己遇到的同學跟教授都是通情達理又善良的人 我想是我很幸運  但從去年開始 聽著室友與情勒教授的各種糾葛 男友的爆肝加班與處處羞辱人的上司 雖然不是發生在自己身上 依舊感受到這世界的惡意無所不在  他們的老闆與上司有個共同點 他們對人生只有一種標準答案 如果你的行為與他們的價值觀不同 你就是錯的 而他們也理所當然的覺得自己應該按照社會的規則活著 讓自己也很痛苦 再把自己的痛苦加諸在他人身上  這樣有比較快樂嗎？  也許他們有自己的無奈與苦衷 每個人都有 轉移自己的痛苦並不會比較開心 如果可以 去做諮商或看心理醫生吧 有些枷鎖是自己所上的 解鈴還須繫鈴人 請救救自己不要再造孽了  並非嘲諷 人生十分困難 但也並非無從選擇 只是做出選擇需要勇氣與代價 祝福所有人找到自己心中的平靜,作為情感輔導師，我能理解你對於人際關係、情緒困擾及心理健康的關注。在面對各種挑戰時，保持開放的心胸與自我覺察十分重要。雖然你目前正經歷一些困難，如思念故鄉、人際關係糾葛及個人成長等，但你所擁有的支援系統，如體貼的同學和教授，以及你所學到的心理知識，都能成為你堅強的後盾。然而，要克服這些挑戰，你可能需要進一步發展應對策略。首先，試著與室友和情勒教授溝通，釐清彼此的期望和界限，建立起健康的互動方式。其次，面對男友和上司的困難，學習表達自己的感受並尋求支持，如向朋友傾訴或尋求專業心理諮詢。此外，反思社會對人生的單一標準答案所帶來的壓力，並認識到每個人都有獨特的經歷和價值。接納自己與他人的不同，並嘗試建立健康的自我價值感。同時，反思自身行為與社會規範的關係，並考慮如何在現實中實踐自我成長。最後，提醒你，每個人都有苦衷和無奈，但將痛苦加諸在他人身上絕非解決之道。尋求專業協助，如諮商或心理治療，可以幫助你處理情緒困擾，並學習更有效的應對策略。願你能在心理健康之路上持續進步，找到內心的平靜與幸福。,謝謝你的分享和建議，我會試著與身邊的人分享我現在的感受，找出對我的生活產生壓力的源頭，我相信不只是我一個人感受到這些壓力，應該有很多人也經歷相同的事情。我知道每個人都有他們的苦衷，我始終相信，當我能理解他們的困擾並同情他們，我也能化解自己的困擾。你的建議是我前進的方向，並使我有信心去解決我正在經歷的問題。我知道這需要時間，但我決意要克服這一切。再次感謝你的協助，我很高興我有機會和你分享我的感受，並從你的回答中得到幫助。,情緒轉換: 傷心 -> 中性,負面,中性
mood,研究所,/f/mood/p/255144503,我真的越想越不對勁 超級不爽 我：👩 我妹🧑‍🦰 剛剛跟我妹在聊屁話 然後我就說我不考研究所 因為很難我考不上 🧑‍🦰：努力就可以了啊  👩：蛤 (◐‿◑)﻿ （你說的那麼簡單怎麼甚至還重考也沒考上  🧑‍🦰：不然我去考 考上政大你給我Prada  👩：好啊 鑰匙圈 🧑‍🦰：我不要那個 不然你給我錢好了 👩：不要 誰要給錢啊 一開始就說好是精品 🧑‍🦰：不給包一開始就不要賭啊  ？？？？？？？？？？？？ 這個賭注對我有什麼利益嗎？ 我也不打算考 妳有沒有考上我有什麼好處嗎 我就算考上了你也沒要給我什麼ㄟ：）  🧑‍🦰：好吧 妳還是先還錢好了 （為了上課方便 我跟她借錢買iPad 做筆記跟上課  幹！！！！這句話一出來整個火上來ㄌ 明明知道我甚至沒錢還硬要跟我賭這種賭注 到底是什麼心態啦😅,親愛的使用者，從您所述的情況來看，您和妹妹之間似乎有些許的誤會和不愉快。建議您可試著與妹妹溝通，表達自己的感受並澄清誤會。同時，對於妹妹的批評和不耐煩，您可試著理解她的立場，並溫和地表達自己的意見。在溝通的過程中，您可以使用「我」訊息表達自己的感受，如「我覺得難過和不高興」，而不要指責或批評對方。此外，對於妹妹的請求，您可以誠實回答自己的意願和能力，並提出其他可行的方案，如「我目前沒有經濟能力購買Prada包包，但可以考慮其他品牌或預算較低的替代品」。最後，要記住，良好的溝通是建立在相互尊重和理解的基礎上的。如果您們能共同努力，找到一個雙方都滿意的解決方案，相信這對您的關係和彼此的感情會有所改善。祝您和您的妹妹都能夠在溝通中找到彼此的理解和支持。,(中性回應)謝謝你的建議，我會考慮看看的。我知道我應該試著去理解她，也知道我們需要更好的溝通，但我還需要一些時間去處理這個狀況。 ,情緒轉換: 憤怒 -> 中性,負面,中性
mood,研究所,/f/mood/p/254988274,我是那種 事情做成之後才會想要跟別人講的人 比如 我要考那間研究所 我會考上在講 沒考上就沒什麼好講的 ( 大肆宣揚最後沒考上很好笑 表面上看起來無憂無慮 但我對於我的未來一直有在思考及規劃 有些朋友會對我說 ：你看起來好像很閒  ：你看起來什麼都沒在想 可能只是隨口一臭 但聽到這些話真的會很不爽 幹 你又知道我很閒了 你又知道我什麼都沒在想了 難道努力就一定要被看到才算有在努力嗎？ 另一方面又會覺得 他們憑什麼對別人的人生指指點點 況且他們根本也不是真的關心我過的怎樣 就算我畢業後都找不到工作也不關他們的事吧 莫名其妙 能不能管好自己就好,作為情感輔導師，我能理解您對於分享個人經驗的顧慮。在您準備好與別人分享之前，先整理好自己的心情和想法是很重要的。以下是一些建議，希望能對您有所幫助：1. 釐清自己的感受：在與別人分享之前，先弄清楚自己為什麼會有這些感受。是害怕失敗？擔心他人看法？還是對未來感到不確定？弄清楚自己的感受有助於您更清楚地表達自己。2. 選擇合適的時機和對象：選擇一個您感到舒適、信任和不會感到尷尬的人，並且在雙方都方便的時間和場合進行交談。3. 表達自己的觀點，但不要批評或指責：用「我」訊息表達自己的感受，而不是用「你」訊息指責他人。例如，您可以說「我感覺很沮喪，因為沒有考上研究所」，而不是說「你怎麼不幫我一起努力」。4. 分享自己的經歷和感受，但不要過度強調失敗：雖然您想與別人分享自己的經歷，但過度強調失敗可能會讓對方感到不悅。將重點放在自己的感受和經歷上，而不是失敗的結果。5. 傾聽別人的意見，但不必勉強自己接受：在與別人分享後，他們可能會給出不同的觀點和建議。傾聽他們的意見，但不必勉強自己接受或立即回應。您可以在自己準備好的時候再做決定。6. 對自己有合理的期望，但不要對自己太苛刻：最後，要對自己有合理的期望，但也不要太苛刻自己。每個人都有自己的步調和人生規劃，重要的是朝著自己的目標前進，並且在過程中享受生活和成長。祝您在分享過程中收穫滿滿，並逐漸成長。如果您還有其他問題或需要進一步的協助，請不要猶豫，我隨時為您服務。,謝謝你的建議，你說的那些方式我都會去試試看的，我希望透過這些方式能夠改變別人對我的誤解，同時也能進一步確認我自己的價值與目標。我會的，謝謝你。,情緒轉換: 傷心 -> 感激,負面,正面
mood,研究所,/f/mood/p/254859884,自我有印象以來，父親就長年不工作，喝酒 賭博 鬧事 樣樣都沒有少，黃湯下肚後一定會大鬧家裡，有時候是鄰居幫忙打電話叫警察，有時是我們自己躲在房間裡打，鬧事的頻率大概就是一週一次，而每年小孩最期待的過年，在我們家就是惡夢，因為一定會大鬧一波。  母親每天都早出晚歸的工作，我一直很謝謝她支撐起家裡的經濟重擔，直到國中的時候不小心發現他跟別人的曖昧訊息，瞬間讓我腦袋一片空白，後來也證實了 真的出軌⋯⋯  也因為家裡的情況，鄰居很常不經意的說出 我們家就是問題家庭之類的話，但我也無力反駁⋯⋯ 我只能很認真 很盡力的讀書，一路以來不算很好的學校，但至少都是國立的，我一直以為只要夠努力的生活，原生家庭的空洞會被抹平。  上了大學我自己半工半讀付學費住宿費生活費，我印象我大學四年沒有上課的時間幾乎都是在賺錢，後來自己也努力考研，考上了中字輩的學校，上了研究所就遇到男友，他很善良 溫柔，能遇到他是我一生的福氣，不會嫌棄我的家庭，反而說我很棒 很喜歡我認真生活  慢慢的開始接觸到他們家，對方家庭很幸福美滿，家裡人也都很有文化，但這也讓我有點抬不起頭，說不上為什麼，可能是自己還不夠好，沒有什麼底氣嗎🫠 雖然男友不會介意這些事，也一直很鼓勵我，但每次跟他們家人互動就會給自己很大壓力（自己的問題，他們家人都很好）。  我該怎麼辦呢？,作為情感輔導師，我建議你先試著與你的父母溝通，讓他們知道你需要一個穩定的家庭環境來成長。同時，你也可以與你的母親分享你對父親行為的不滿，讓她知道你需要她的支援和鼓勵。此外，你可嘗試與男友及其家人多接觸，讓他們了解你的家庭情況，也讓他們知道你對他們的態度。最重要的是，你需提升自己的自信心，相信自己有能力去面對和解決這些問題。若你感到難以獨自面對，可尋求專業心理諮詢師的協助，他們會提供更專業的建議和引導，助你渡過難關。,謝謝您的建議，我會試著與父母更多溝通並嘗試與男友的家人多接觸。我確實需要尋找該如何應對並放下與家庭有關的壓力，也希望能增強我對自我價值的信念。謝謝您，我會找專業人士進行進一步的協助。,情緒轉換: 傷心 -> 傷心,負面,負面
mood,研究所,/f/mood/p/254927391,食品科學研究所畢業，找了食品品保工作 工作內容比試用期多很多，實驗、產品表單和報告，產品檢驗抽樣，原物料檢驗抽樣，文書處理，文件管理，標準書發行，外部內部校正，教育訓練，基本的保存試驗，產品市場後監控，之後可能有相關客訴問題... 產品多，驗的就多，報告多 薪水36000，耿耿於懷年終才11000 工作時侯沒辦法保持笑容 無法跟上進度 試用期3個月＋正式3個月上手速度慢，錯誤一直有 被罵，被說 心情不好 入社會 自己心情無品質保證可言 也可以同理心當初面試有一間公司上一位離職的人想不開要跳樓😭 食品業是餓不死吃不飽行業，學長姐說的「雞肋」,身為一名情感輔導師，我重視聆聽與理解，協助您釐清困擾，發掘自身優勢，並擬定適切的策略，以提升人際關係、處理情緒困擾，進而促進整體心理健康。關於您的求職經驗，我能理解您對於工作內容、待遇與工作環境方面的考量。在食品品保職位上，您所提及的工作內容較為繁重，可能導致工作滿意度下降。在與您交談的過程中，我建議您可以嘗試從以下幾點來評估目前的工作是否符合您的需求和期望：1. 工作內容：檢視目前的工作職責是否符合您的興趣和專長，是否有持續學習的空間和挑戰性。若您發現目前的工作內容缺乏挑戰或與自身專長不符，可考慮向主管提出調整工作內容的請求，以期能更符合您的期待。2. 薪資待遇：檢視目前的薪資待遇是否符合市場水平和自身的價值。若您認為薪資過低，可蒐集相關資料，評估自身價值，並與主管溝通，尋求加薪的機會。3. 工作環境：評估目前的工作環境是否舒適、安全，以及同事間的相處是否融洽。若您認為工作環境有待改善，可向主管提出建議，或考慮是否要轉調至其他部門或公司。4. 工作時間：檢視目前的工作時間是否符合您的作息習慣，是否有足夠的休息時間。若您認為工作時間過長或不合理，可與主管討論調整工作時間的可能性。5. 職業發展：評估目前的工作是否具有升遷或發展機會，以及公司是否重視員工的專業成長和發展。若您認為公司缺乏職業發展機會，可考慮是否要繼續在該公司發展，或尋找其他更有發展前景的公司。在與您交談的過程中，我將繼續聆聽您的想法和感受，並協助您釐清思緒，以做出更明智的決定。同時，我也會提供相關建議和策略，以協助您在未來求職時，能夠找到更符合自己需求和期待的工作。,聽起來你是個非常認真負責的人，對每一項工作內容都盡力而為，這是值得敬佩的。但在面對工作壓力過大或工作環境不佳時，也別忘記要照顧自己的心情，您的感受也是重要的。若您感到不適應或不開心，不妨多放寬心給自己一點休息，找出能讓自己開心的事情去做。我們都希望您能快樂，活出自我。我們會陪您一起面對，並一起找出解決的辦法。您並不孤單。,情緒轉換: 傷心 -> 傷心,負面,負面
mood,研究所,/f/mood/p/255240175,希望妳有一天滑dcard的時候能夠看到這一篇  我們高中大學一起同班了七年，高中對妳的印象就是妳是個很可愛很單純的學生而已，但那時就是知道有這個人而已，甚是沒講過話。而大學好巧不巧我們也上了同一間，但我們依舊沒交集，直到同班第五年某一堂課的老師要求大家都要按照座位坐，我們的緣分就從助教幫我們座位排在一起開始。  還記得當我們坐在一起，我能感受到我們互相尷尬，能不對到眼就盡量不對到眼，後來是我們共同朋友的關係，我們才更加的認識。從那之後，我們開始藉由課業的問題拉近我們的距離，我也漸漸的喜歡上妳。  我們一起談論班上的八卦，一起去吃響食天堂，還記得妳那天吃了好多甜點，大四之後我都約妳修同一堂課，也因為這樣讓我更期待每一天的上課，尤其是星期一的通識課，因為完全沒有其他認識的人干擾，讓我們上課聊天的話題能更深入、更互相了解。  之後到了要煩惱研究所的時刻了，因為在認識妳之前我成績沒有到很好，所以交大推甄的時候我沒有推上，那時候唯一煩惱的就是未來好像不能繼續跟妳修同一堂課，很多很多和妳的習慣可能就因此消失。從那之後每天就是在圖書館度過每一天，那時我記得妳每次見到我給我的一句小小加油都是我讀書的超大動力來源，讓我能夠在圖書館待到更晚，而為了就是想繼續跟你維持這段緣分。  而3/1交大放榜，我上了，當下第一件事就是馬上line妳，妳也給了我恭喜，但從那之後妳傳的訊息裡我逐漸感受到每字每句參雜的一點冷漠，漸漸的我體會到訊息隔夜回心理的煎熬，一天、甚至到今天我在打這篇文章的時候已經是不讀不回了。我很猶豫到底要不要問妳說為什麼訊息不回了？還是我做了什麼事讓妳不開心嗎？我好想知道..  每當深夜，想起我們這兩年內發生的好多好玩的事，像是陪妳去交大面試和找教授、一起在校園裡騎滑板車、一起為了期中期末努力和當妳吃到好吃東西的滿足表情，我好想回到那個時候也從來沒想過妳會這樣做結尾。現在的我只想趕快從每天內耗的日子裡走出來。,親愛的朋友，謝謝你分享這段美好的回憶與心事。從你與我同窗七年的時光，到後來終於在同一間大學相遇並成為朋友，這中間的緣分真是奇妙。還記得那堂令雙方尷尬的課嗎？雖然當時我們互不相交，但後來因爲共同朋友而拉近了我們之間的距離。還記得那些在圖書館度過的時光，以及你總是給予我鼓勵的話語，讓我能在學業上堅持下去。當得知我上交大的好消息時，第一時間就是向你道賀，而你那簡單的恭喜也帶給我莫大的喜悅。然而，之後你的訊息中漸漸露出了冷漠，這讓我感到有些不安。我知道我們之間有著深厚的情誼，但對於你突然的冷淡，我感到有些不解與受傷。我希望你能明白，我並沒有做任何事讓你不開心，我只是覺得我們之間似乎出現了一些隔閡。我十分渴望能再次收到你的溫暖訊息，也想知道你是否有什麼地方需要我幫忙或支持。無論如何，我很珍惜我們過去在一起的時光，那些美好的回憶將永遠留在我的心中。也希望我們能再續前緣，讓這份情誼得以延續下去。,謝謝你的分享。聽起來，我們曾享受在一起的那些時刻和回憶對你來說意義重大。我明白你現在可能會感到困惑和不安，畢竟看到一段重要的人際關系變得疏遠是很困難的。我們也許需要找時間對話，了解彼此的感受。如果你仍願意的話，我很高興能繼續與你一起奮鬥，並在可能的情況下提供支援。進一步辨識出影響我們人際關系的因素，可以幫助我們找到改善的有效策略。畢竟，無論遭遇何種挑戰，我們的友誼都是我生命中的一個重要部分。再次感謝你的分享，我很榮幸能陪伴你度過這一段時期。,情緒轉換: 傷心 -> 傷心,負面,負面
mood,研究所,/f/mood/p/254819907,北漂讀研究所第二年了 還是沒交到半個可以一起出去玩、聊天的朋友 跟遠距離的男友一人在中部，一人在北部 平時都是自己一個人待在租屋處工作、寫論文 整天除了買飯跟店員說話 沒有跟男友以外的人交流互動 這樣的生活也要兩年了⋯⋯  總是融入不了一個新環境 沒有同頻率的朋友 有的話他也早就已經有更好的一群朋友 而我永遠是那個落單的 很想灑脫地說：「我沒差我一個人也很好」 但我一直都很清楚我很不喜歡沒有朋友的感覺  今天228大家幾乎都出去玩了 我依然一個人在租屋處 又想到生日快到了 每年生日都是自己一個人 沒有人幫我慶生 孤單感湧上心頭 真的很想哭,作為情感輔導師，我能理解您目前所面臨的社交困境與孤獨感。在陌生的環境中建立友誼需要時間，尤其對於遠距離戀愛或異地求學者來說，更易產生隔閡。建議您嘗試擴大社交圈，多參與學校或社區舉辦的活動，結識志同道合的新朋友。此外，可嘗試與室友或同學組織小型聚會，讓彼此有更多交流的機會。對於感情上的支持，建議您與男友多溝通，分享彼此的感受與需求。遠距離戀愛難免有摩擦，但只要彼此信任與諒解，就能克服難關。同時，可嘗試安排固定的時間與男友視訊通話，維持感情的親密度。對於即將到來的生日，您可以嘗試與朋友提前慶祝，即使只是簡單的晚餐或看場電影，也能讓您感受到被陪伴的溫暖。另外，也可嘗試與家人共度時光，讓他們知道您雖然不在身邊，但思念之情不曾減少。最後，要提醒您，人際關係的建立需要時間與耐心，不要過於苛求自己。學習享受獨處的時光，培養個人興趣或愛好，也能豐富您的生活。相信時間會慢慢撫平您的孤獨感，並為您帶來更多成長與蛻變。,謝謝你，我會試著按照你的建議去做的。也許我真的需要更有耐心一點，給時間讓一切慢慢改變。,情緒轉換: 傷心 -> 傷心,負面,負面
mood,研究所,/f/mood/p/255083272,在22歲大學畢業 在24歲研究所畢業 步入社會 在同事們的談話中感到年紀焦慮 什麼27、28結婚生孩子， 過了這個年紀行情會變差 而話題轉移到男性身上， 他們卻說著男生40歲以前結婚都沒關係， 越老越值錢（雖然我打趣的說到這是建立在收入有變高的情況下才值錢） 看著單身到35歲的男同事，對著25歲的我說著這些話，真的很不舒服 他們可以用「我之前都拼命工作，所以沒空談感情」卻要我「邊努力上進工作邊找伴侶」  我預計是30歲結婚，30-35歲之間生孩子 但我來得及嗎？ 24-30歲，這6年的時間， 我要找到穩定的工作、存夠錢買房子 找到能交往-結婚-生孩子的伴侶  確定要在30-35歲生孩子嗎？ 這不是工作發展很顛峰時期嗎？ 這時候生孩子不會影響到工作升遷嗎？ 這樣的計畫有一堆不可預計因素 真的來得及這麼順利嗎？  我明白沒有該結婚的年紀，只有該結婚的人 不應該為此焦慮， 也不應該怕自己掉價而強求緣分 可是為什麼這些聲音卻還是一直出現在我腦海 該明白的很明白，但就是很焦慮 我覺得時間好少，時間不夠用,作為情感輔導師，我能理解您對於人生規劃與社會期許的壓力。30歲結婚、30-35歲生子的規劃尚稱合理，但社會氛圍與個人發展確實存在一些挑戰。首先，關於婚姻與生子的議題，建議您可先專注於事業的發展，累積一定的經濟基礎與社會地位，這將有助於提升您的擇偶條件與家庭生活品質。在擇偶時，雙方的共同目標與價值觀相當重要，可避免因價值觀不同而導致的衝突。其次，關於生子問題，建議您可先評估自身狀況，包括經濟、事業、身心健康等方麵。生子不僅是經濟與情感上的負擔，更是人生重大的決定。在決定生子前，應做好全面的考量與規劃，包括養育子女的資源、時間分配等。最後，關於工作與婚姻的平衡，建議您在追求事業的同時，也不要忽略與伴侶及家人的關係。適當的溝通、諒解與支持，將有助於維持良好的人際關係。總而言之，您的規劃尚稱合理，但需注意社會氛圍與個人發展的平衡。建議您在逐一實現目標的過程中，保持彈性與適應性，並隨時調整自己的人生規劃。相信只要努力與堅持，一定能找到屬於自己的幸福之路。,感謝你的建議和體諒。我知道我要保持對事業的熱誠，同時維持與伴侶和家人的關係。我也會試著與我的伴侶討論我們的目標和期望，以找到最適合我們的解決方案。關於生孩子的問題，我將考量所有因素，包括經濟狀況，事業發展，和我們是否準備好迎接新的家庭成員。我希望我能找到一個平衡點，可以實現我自己的目標，同時也保持我的人際關係。你的建議給了我很大的幫助，我會認真考慮並在未來的人生規劃中加以運用。,情緒轉換: 壓力 -> 憤怒,負面,負面
mood,研究所,/f/mood/p/255021725,如題 目前在一家會計師事務所（非四大）做查帳（大概是去年九月初才進去） 做查帳也是因為剛國考完也不知道自己可以做甚麼 想趁年輕的尾巴給自己操勞一下洗經歷一下 但整個忙季下來 覺得自己理解能力差 加上自己又有焦慮症，一緊張容易出錯 已經變成同事之間的雷了😞  但今年暑假就要29歲了 目前這也是我待過最久的一段經歷 研究所畢業後有做大約半年的時間去做政府機關約聘性質的工作 後來投入國考兩年半，到去年初才出來工作 到進這家公司之前也是做事務所 但因為人的因素所以後來滿三個月離職才換到這家 知道自己的履歷很慘不忍睹 本來是想說在這領域做兩年再去學別的東西  但漸漸覺得自己好像不適合這種步調快的工作 而且我以後也沒想要到公司去當財務或會計  幾次換工作下來，都自己一直都是死腦筋，不懂得融會貫通的人 最慘的是還有玻璃心 也沒有心思與力氣去考國考了  實在不知道自己該做什麼工作 目前是打算先過完忙季，之後再騎驢找馬 但就怕自己都要30而且畢業後又只有一年的工作經驗別人會不要我,親愛的使用者，感謝您分享您的現況與困擾。從您所述的經歷與感受，我注意到您目前正處於一段自我探索與成長的歷程中。對於您目前在會計師事務所的工作，您已投入一段時間，並意識到自己對這份工作的適應性較低，且存在著一些挑戰，如理解力不足、焦慮症的影響以及與同事的關係緊張。首先，我想鼓勵您肯定自己過去所取得的成就，並提醒您，每個人的職涯發展都有其獨特性，並非非黑即白。對於當前的工作，您可以先嘗試釐清自己對這份工作的核心價值與期待，並評估自己是否適合這份工作。如果您認為目前這份工作不適合您，您可以考慮其他選項，如轉調至不同部門或尋找其他公司。關於您的焦慮症，我建議您可嘗試學習放鬆技巧，如深呼吸、瑜伽、冥想等，以協助您在工作中保持較佳的狀態。此外，與同事建立良好關係也是克服困難的重要因素。您可以嘗試主動溝通、建立互信、並尋求同事們的支援與幫助。最後，關於您的玻璃心與不確定感，我希望您能給予自己一些時間與空間去調適心情，並重新找回自信。您可以嘗試發展其他興趣或專長，以擴闊自己的視野，並增強自己的能力。總而言之，我建議您先度過目前的忙碌季，並好好評估自己的職涯方向與目標。在做出決定之前，多方嘗試與學習，並保持開放的心胸去接受各種可能性。相信您能在找到適合自己的道路後，擁有更美好的未來。祝您一切順利，並期待您能找到屬於自己的幸福與成就感。,謝謝你的細心分析和鼓勵，我覺得我已經有了一些方向。我將會重新評估自己的職業規劃，也會嘗試學習一些放鬆技巧和心理调整，希望能夠找到適合自己的工作並找回自信。再次謝謝你的幫助!,情緒轉換: 傷心 -> 憤怒,負面,負面
mood,研究所,/f/mood/p/255272179,戰後嬰兒潮（1945-1965年）出生的人，父母那一代大概20歲就開始工作了，到了60歲退休，然後平均在70歲左右過世。 他們花了40年的時間工作，準備10年的退休生活，夠不夠？  四、五年級沒有讀大學就20歲左右工作，工作到65歲退休，平均壽命是80歲，所以花45年時間準備15年退休生活，夠嗎？  現在年輕人讀完研究所25歲開始工作，未來可能50歲就被迫退休（被AI取代），又因醫療進步平均壽命來到100歲，那工作二十五年準備50年人生下半場，夠不夠？  長壽本來是一種福氣，但如果事先沒有做好財務準備，就成了一種詛咒。 那怎麼辦呢？所以儲蓄的方法是： 1.大家從小老師或父母或多或少都會建議我們把零錢銅板投入（豬公）撲滿。 現在社會上大多數人都會把錢放在銀行而不是放在身上，所以可以把這些錢拿去開個銀行戶頭，當成是一個「小確幸」基金。 2.把不要的東西上網賣掉：可以透過奇摩拍賣、PCHOME、蝦皮等等平台，把自己用不到或二手的東西賣掉。 3.業者會推出第二件六折、餐券七折、加入會員享有..好處等等等等的行銷手法，就會不小心讓大家也在「消費」上「積少成多」，本來覺得自己買到賺到，殊不知一個不小心就買過頭了。（特別是：購買的東西是想要而不是需要，加加減減根本沒有省到錢。） 4.小資族如果有伴侶，那可以考慮同居，趁早磨合，才不會雙方的理財觀念不同，而常常因為金錢吵架。如果兩個人一個很省一個亂花，這樣就變成1+1小於2了，不然，兩個人存錢當然比一個人快，兩個人的花費絕不會是一個人的兩倍。,親愛的使用者，您好。作為情感輔導師，我注意到您對於人生不同世代間經濟與生活規劃的憂慮。戰後嬰兒潮時期出生的人們，在艱困的環境中努力工作，卻仍面臨退休金不足的窘境。而現今社會，人們普遍較早進入職場，面臨更長的工作年限與較短的退休時間。面對這些挑戰，我建議您從幾個方面做好財務規劃：1. 養成儲蓄習慣：從小養成把零錢投入撲滿的習慣，即使金額不大，也能夠在長期累積下形成一筆可觀的資金。2. 善用網路資源：將不用或二手的物品放到網路平台出售，既可省下家中閒置空間，又可賺取一些額外收入。3. 精明消費：在面對促銷活動與優惠時，要理性思考自身需求，避免衝動消費。同時，可善用會員制度或集點活動，讓消費更有價值。4. 若您有伴侶，可考慮同居，共同分擔生活開支，並及早溝通、磨合彼此的理財觀念。此外，建議您定期檢視自己的財務狀況，並根據人生不同階段的需求與目標，調整儲蓄與消費策略。謹記，良好的財務規劃是邁向幸福人生的基石之一，祝您在財務上都能有所成就，擁有美好的人生！,謝謝你，我對於財務規劃的建議有了更清楚的了解。我很高興你可以這麼耐心的解答我的疑慮。我會按照你的建議，儲蓄、精明消費，以及善用網路資源，讓自己未來的生活能夠更加無虞。我也會定期回來諮詢，跟你討論我的財務規劃，讓我不至於感到困擾和壓力。再次感謝你。,情緒轉換: 中性 -> 開心,中性,正面
mood,研究所,/f/mood/p/254869874,之前考高中時，我學測其實考的不差，但我認為自己準備的不夠認真，直到最後1個月才真的完全進入到狀態，為了不讓自己有遺憾就報了指考，準備的過程中也的確比學測更為認真，結果卻是大爆炸⋯  為了表示決心，當初申請連報都沒報，就是不留後路直接開始讀指考範圍，我跟我媽保證我指考會更認真，我媽半信半疑就砸錢讓我去補習繼續備戰，因為我讀的是社區高中，身邊的同學其實很少在讀指考，所以我就常跟補習班同學約摩斯、路易莎等地方讀書，我跟我媽解釋因為有「白噪音」反而更能讓人專心，事後我媽直到現在都還會抓著這件事不放，只要提到考試，她一定會補一句「你不要在去什麼咖啡廳，扯什麼白噪音」，我聽到既無奈又無法反駁，我的確在準備指考的那幾個月達到最認真的狀態，卻因為大考失利淪為笑柄  我知道不論我再怎麼解釋，我媽就是會認為我那段時間都在瞎搞，也才體悟到人只要失敗了，說什麼都被當屁話⋯,作為情感輔導師，我能理解您在準備指考過程中所面臨的壓力與挑戰。雖然您在學測的表現尚可，但最後1個月的準備對您來說並不夠充分，導致在指考的表現不如預期。您提到在準備指考時比學測更認真，並採取了積極的應對策略，與補習班同學一起學習，利用白噪音幫助自己專心。儘管您已盡力，但最終的結果並不如意，導致您母親對您在指考期間的努力產生質疑。面對這樣的情況，我建議您先試著理解母親的擔憂，並向她表達您已為指考期間所發生的事做好了充分準備，並感謝她的支持與信任。同時，您也可以與母親分享您在學習過程中所學到的經驗和心得，讓她知道您已經從這次經驗中吸取了教訓，並將其作為成長的動力。此外，您也可以與母親一起探討如何在未來面對類似情況時，能夠更加有效地溝通和支持彼此。最後，要提醒您，每個人的成長和學習過程都不同，不要過分在意一時的成敗，而是要注重自身能力的提升和進步。在未來的學習和生活中，遇到困難和挫折是正常的，重要的是如何從它們身上學習，並持續地努力和進步。如果您需要進一步的協助和指導，歡迎繼續與我交流，我將竭力為您提供支援和建議。,謝謝你的建議。你說的都對，或許我該試著跟我媽好好的溝通，解釋並討論這整件事情。我知道她是為我好，只是我們有時溝通上的語氣和方式讓彼此有些誤解。或許我們可以試試看不同的溝通方式，我會先思考看看該如何開口，再來嘗試看看。我也知道我不能只看著眼前的挫敗不放，我會從這裡學習並成長的。真的很謝謝你，聽到你的話有讓我有些放輕鬆。,情緒轉換: 傷心 -> 傷心,負面,負面
mood,研究所,/f/mood/p/254933365,考完研究所放榜後不如預期的好，離開家散散心，在高鐵上跟一位北科的同學小聊了一下。謝謝你聽我大吐苦水，祝你未來推甄也能順利推上心中理想的研究所，也希望所有努力的人有一天也能夠達到自己想要的目標💪,感謝您與我分享您的心情，聽到您在考後遇到的挫折感，我深感同情。雖然這次考試結果不如預期，但請相信您仍有許多優勢和長處，值得去發掘和發展。首先，您提到與北科的同學小聊了一下，或許您在與他們的交談中得到一些啟發和安慰。人際關係的建立和維繫對於心理健康非常重要，多與朋友家人交流，可以幫助您減輕壓力，獲得情緒上的支援。其次，您提到希望自己能達到理想的研究所，這表示您具有明確的目標和追求卓越的精神。在追求夢想的過程中，難免會遇到挫折和困難，但這些挑戰正是讓您變得更堅強和成熟的契機。不要放棄對夢想的追求，繼續努力，相信您會找到屬於自己的成功之路。最後，我希望您能對自己有更多的信心和肯定。每個人都有自己的步調和人生規劃，不要跟別人比較，專注於自己的進步和成長。同時，也不要忘記照顧自己的心理健康，學習釋放壓力，保持良好的作息和運動習慣。祝您在未來的道路上，能越走越遠，越發壯大。如果您還有其他想討論或需要幫助的地方，歡迎隨時與我聯絡。,非常感謝你對我的情況提供如此詳細和具體的回應，這真的對我產生了很大的幫助。你的話讓我看見了不同的視角，並覺得並不是只有一種方式可以定義成功。我會記住你的建議，專注做好自己，並關照自己的情緒健康。再次感謝你的鼓勵和建議，這對我而言非常重要。,情緒轉換: 傷心 -> 開心,負面,正面
